{
    "os": "Linux-4.15.0-206-generic-x86_64-with-glibc2.29",
    "python": "3.8.10",
    "heartbeatAt": "2024-03-12T04:24:38.898518",
    "startedAt": "2024-03-12T04:24:33.617577",
    "docker": null,
    "cuda": null,
    "args": [
        "--gradient_accumulation_steps",
        "4",
        "--gradient_checkpointing",
        "--data_train_path",
        "/tf/sangnt162/eval_truncating.json",
        "--data_validation_path",
        "/tf/sangnt162/eval_truncating.json",
        "--local_files_or_path",
        "/tf/khangld1/gemma-2b/",
        "--do_eval",
        "--eval_steps",
        "25",
        "--evaluation_strategy",
        "steps",
        "--logging_train_steps",
        "4",
        "--save_strategy",
        "epoch",
        "--save_epochs",
        "4",
        "--save_steps",
        "25",
        "--max_length",
        "1024",
        "--padding",
        "max_length",
        "--seq2seq_or_causal",
        "causal",
        "--wandb"
    ],
    "state": "running",
    "program": "train_gemma_3.py",
    "codePathLocal": "train_gemma_3.py",
    "codePath": "train_gemma_3.py",
    "host": "a5f7ce7a9e79",
    "username": "root",
    "executable": "/tf/sangnt162/sang_fsdp/bin/python",
    "cpu_count": 20,
    "cpu_count_logical": 40,
    "cpu_freq": {
        "current": 1240.6457,
        "min": 1200.0,
        "max": 3400.0
    },
    "cpu_freq_per_core": [
        {
            "current": 1210.177,
            "min": 1200.0,
            "max": 3400.0
        },
        {
            "current": 1200.16,
            "min": 1200.0,
            "max": 3400.0
        },
        {
            "current": 1200.115,
            "min": 1200.0,
            "max": 3400.0
        },
        {
            "current": 1197.983,
            "min": 1200.0,
            "max": 3400.0
        },
        {
            "current": 1200.047,
            "min": 1200.0,
            "max": 3400.0
        },
        {
            "current": 1197.614,
            "min": 1200.0,
            "max": 3400.0
        },
        {
            "current": 1201.164,
            "min": 1200.0,
            "max": 3400.0
        },
        {
            "current": 1200.998,
            "min": 1200.0,
            "max": 3400.0
        },
        {
            "current": 1199.515,
            "min": 1200.0,
            "max": 3400.0
        },
        {
            "current": 1200.467,
            "min": 1200.0,
            "max": 3400.0
        },
        {
            "current": 1200.769,
            "min": 1200.0,
            "max": 3400.0
        },
        {
            "current": 1200.907,
            "min": 1200.0,
            "max": 3400.0
        },
        {
            "current": 1198.782,
            "min": 1200.0,
            "max": 3400.0
        },
        {
            "current": 1200.048,
            "min": 1200.0,
            "max": 3400.0
        },
        {
            "current": 2398.87,
            "min": 1200.0,
            "max": 3400.0
        },
        {
            "current": 1199.791,
            "min": 1200.0,
            "max": 3400.0
        },
        {
            "current": 1199.689,
            "min": 1200.0,
            "max": 3400.0
        },
        {
            "current": 1200.341,
            "min": 1200.0,
            "max": 3400.0
        },
        {
            "current": 1199.962,
            "min": 1200.0,
            "max": 3400.0
        },
        {
            "current": 1585.013,
            "min": 1200.0,
            "max": 3400.0
        },
        {
            "current": 1250.622,
            "min": 1200.0,
            "max": 3400.0
        },
        {
            "current": 1198.926,
            "min": 1200.0,
            "max": 3400.0
        },
        {
            "current": 1197.462,
            "min": 1200.0,
            "max": 3400.0
        },
        {
            "current": 1197.453,
            "min": 1200.0,
            "max": 3400.0
        },
        {
            "current": 1197.862,
            "min": 1200.0,
            "max": 3400.0
        },
        {
            "current": 1198.197,
            "min": 1200.0,
            "max": 3400.0
        },
        {
            "current": 1197.494,
            "min": 1200.0,
            "max": 3400.0
        },
        {
            "current": 1197.503,
            "min": 1200.0,
            "max": 3400.0
        },
        {
            "current": 1197.852,
            "min": 1200.0,
            "max": 3400.0
        },
        {
            "current": 1197.762,
            "min": 1200.0,
            "max": 3400.0
        },
        {
            "current": 1197.724,
            "min": 1200.0,
            "max": 3400.0
        },
        {
            "current": 1197.47,
            "min": 1200.0,
            "max": 3400.0
        },
        {
            "current": 1198.849,
            "min": 1200.0,
            "max": 3400.0
        },
        {
            "current": 1198.146,
            "min": 1200.0,
            "max": 3400.0
        },
        {
            "current": 2393.25,
            "min": 1200.0,
            "max": 3400.0
        },
        {
            "current": 1198.218,
            "min": 1200.0,
            "max": 3400.0
        },
        {
            "current": 1198.78,
            "min": 1200.0,
            "max": 3400.0
        },
        {
            "current": 1198.146,
            "min": 1200.0,
            "max": 3400.0
        },
        {
            "current": 1198.374,
            "min": 1200.0,
            "max": 3400.0
        },
        {
            "current": 1709.418,
            "min": 1200.0,
            "max": 3400.0
        }
    ],
    "disk": {
        "/": {
            "total": 3666.450019836426,
            "used": 3122.1718826293945
        }
    },
    "gpu": "NVIDIA GeForce GTX 1080 Ti",
    "gpu_count": 4,
    "memory": {
        "total": 62.79499816894531
    }
}
