{
    "os": "Linux-4.15.0-206-generic-x86_64-with-glibc2.29",
    "python": "3.8.10",
    "heartbeatAt": "2024-03-12T04:28:53.429229",
    "startedAt": "2024-03-12T04:28:53.161337",
    "docker": null,
    "cuda": null,
    "args": [
        "--gradient_accumulation_steps",
        "4",
        "--gradient_checkpointing",
        "--data_train_path",
        "/tf/sangnt162/eval_truncating.json",
        "--data_validation_path",
        "/tf/sangnt162/eval_truncating.json",
        "--local_files_or_path",
        "/tf/khangld1/gemma-2b/",
        "--do_eval",
        "--eval_steps",
        "25",
        "--evaluation_strategy",
        "steps",
        "--logging_train_steps",
        "4",
        "--save_strategy",
        "epoch",
        "--save_epochs",
        "4",
        "--save_steps",
        "25",
        "--max_length",
        "1024",
        "--padding",
        "max_length",
        "--seq2seq_or_causal",
        "causal",
        "--wandb"
    ],
    "state": "running",
    "program": "train_gemma_3.py",
    "codePathLocal": "train_gemma_3.py",
    "codePath": "train_gemma_3.py",
    "host": "a5f7ce7a9e79",
    "username": "root",
    "executable": "/tf/sangnt162/sang_fsdp/bin/python",
    "cpu_count": 20,
    "cpu_count_logical": 40,
    "cpu_freq": {
        "current": 1552.9809999999995,
        "min": 1200.0,
        "max": 3400.0
    },
    "cpu_freq_per_core": [
        {
            "current": 1197.708,
            "min": 1200.0,
            "max": 3400.0
        },
        {
            "current": 1573.684,
            "min": 1200.0,
            "max": 3400.0
        },
        {
            "current": 1695.082,
            "min": 1200.0,
            "max": 3400.0
        },
        {
            "current": 1236.663,
            "min": 1200.0,
            "max": 3400.0
        },
        {
            "current": 2070.56,
            "min": 1200.0,
            "max": 3400.0
        },
        {
            "current": 1689.025,
            "min": 1200.0,
            "max": 3400.0
        },
        {
            "current": 1198.16,
            "min": 1200.0,
            "max": 3400.0
        },
        {
            "current": 1200.523,
            "min": 1200.0,
            "max": 3400.0
        },
        {
            "current": 1362.031,
            "min": 1200.0,
            "max": 3400.0
        },
        {
            "current": 1198.211,
            "min": 1200.0,
            "max": 3400.0
        },
        {
            "current": 1198.036,
            "min": 1200.0,
            "max": 3400.0
        },
        {
            "current": 1200.155,
            "min": 1200.0,
            "max": 3400.0
        },
        {
            "current": 1198.976,
            "min": 1200.0,
            "max": 3400.0
        },
        {
            "current": 1701.636,
            "min": 1200.0,
            "max": 3400.0
        },
        {
            "current": 1200.615,
            "min": 1200.0,
            "max": 3400.0
        },
        {
            "current": 2861.822,
            "min": 1200.0,
            "max": 3400.0
        },
        {
            "current": 1289.772,
            "min": 1200.0,
            "max": 3400.0
        },
        {
            "current": 1198.893,
            "min": 1200.0,
            "max": 3400.0
        },
        {
            "current": 1202.306,
            "min": 1200.0,
            "max": 3400.0
        },
        {
            "current": 2860.786,
            "min": 1200.0,
            "max": 3400.0
        },
        {
            "current": 1198.149,
            "min": 1200.0,
            "max": 3400.0
        },
        {
            "current": 1548.211,
            "min": 1200.0,
            "max": 3400.0
        },
        {
            "current": 1692.101,
            "min": 1200.0,
            "max": 3400.0
        },
        {
            "current": 1197.808,
            "min": 1200.0,
            "max": 3400.0
        },
        {
            "current": 2077.617,
            "min": 1200.0,
            "max": 3400.0
        },
        {
            "current": 1295.688,
            "min": 1200.0,
            "max": 3400.0
        },
        {
            "current": 1198.582,
            "min": 1200.0,
            "max": 3400.0
        },
        {
            "current": 1198.292,
            "min": 1200.0,
            "max": 3400.0
        },
        {
            "current": 1249.567,
            "min": 1200.0,
            "max": 3400.0
        },
        {
            "current": 1197.905,
            "min": 1200.0,
            "max": 3400.0
        },
        {
            "current": 1198.529,
            "min": 1200.0,
            "max": 3400.0
        },
        {
            "current": 1197.936,
            "min": 1200.0,
            "max": 3400.0
        },
        {
            "current": 1198.85,
            "min": 1200.0,
            "max": 3400.0
        },
        {
            "current": 1699.282,
            "min": 1200.0,
            "max": 3400.0
        },
        {
            "current": 1197.817,
            "min": 1200.0,
            "max": 3400.0
        },
        {
            "current": 3321.873,
            "min": 1200.0,
            "max": 3400.0
        },
        {
            "current": 1298.018,
            "min": 1200.0,
            "max": 3400.0
        },
        {
            "current": 1197.906,
            "min": 1200.0,
            "max": 3400.0
        },
        {
            "current": 1197.61,
            "min": 1200.0,
            "max": 3400.0
        },
        {
            "current": 3325.492,
            "min": 1200.0,
            "max": 3400.0
        }
    ],
    "disk": {
        "/": {
            "total": 3666.450019836426,
            "used": 3122.1724815368652
        }
    },
    "gpu": "NVIDIA GeForce GTX 1080 Ti",
    "gpu_count": 4,
    "memory": {
        "total": 62.79499816894531
    }
}
