{
    "os": "Linux-4.15.0-206-generic-x86_64-with-glibc2.29",
    "python": "3.8.10",
    "heartbeatAt": "2024-03-11T06:49:56.763438",
    "startedAt": "2024-03-11T06:49:51.442689",
    "docker": null,
    "cuda": null,
    "args": [
        "--gradient_accumulation_steps",
        "4",
        "--gradient_checkpointing",
        "--data_train_path",
        "/tf/sangnt162/eval_truncating.json",
        "--data_validation_path",
        "/tf/sangnt162/eval_truncating.json",
        "--local_files_or_path",
        "/tf/khangld1/gemma-2b/",
        "--do_eval",
        "--eval_steps",
        "25",
        "--evaluation_strategy",
        "steps",
        "--logging_train_steps",
        "4",
        "--save_strategy",
        "epoch",
        "--save_epochs",
        "2",
        "--save_steps",
        "25",
        "--max_length",
        "128",
        "--padding",
        "max_length",
        "--seq2seq_or_causal",
        "causal",
        "--wandb"
    ],
    "state": "running",
    "program": "train_gemma_2.py",
    "codePathLocal": "train_gemma_2.py",
    "codePath": "train_gemma_2.py",
    "host": "a5f7ce7a9e79",
    "username": "root",
    "executable": "/tf/sangnt162/sang_fsdp/bin/python",
    "cpu_count": 20,
    "cpu_count_logical": 40,
    "cpu_freq": {
        "current": 1227.0192499999998,
        "min": 1200.0,
        "max": 3400.0
    },
    "cpu_freq_per_core": [
        {
            "current": 1292.106,
            "min": 1200.0,
            "max": 3400.0
        },
        {
            "current": 2379.924,
            "min": 1200.0,
            "max": 3400.0
        },
        {
            "current": 1197.679,
            "min": 1200.0,
            "max": 3400.0
        },
        {
            "current": 1199.694,
            "min": 1200.0,
            "max": 3400.0
        },
        {
            "current": 1254.364,
            "min": 1200.0,
            "max": 3400.0
        },
        {
            "current": 1198.299,
            "min": 1200.0,
            "max": 3400.0
        },
        {
            "current": 1198.851,
            "min": 1200.0,
            "max": 3400.0
        },
        {
            "current": 1200.505,
            "min": 1200.0,
            "max": 3400.0
        },
        {
            "current": 1200.496,
            "min": 1200.0,
            "max": 3400.0
        },
        {
            "current": 1200.03,
            "min": 1200.0,
            "max": 3400.0
        },
        {
            "current": 1199.376,
            "min": 1200.0,
            "max": 3400.0
        },
        {
            "current": 1199.44,
            "min": 1200.0,
            "max": 3400.0
        },
        {
            "current": 1199.073,
            "min": 1200.0,
            "max": 3400.0
        },
        {
            "current": 1199.6,
            "min": 1200.0,
            "max": 3400.0
        },
        {
            "current": 1199.853,
            "min": 1200.0,
            "max": 3400.0
        },
        {
            "current": 1197.97,
            "min": 1200.0,
            "max": 3400.0
        },
        {
            "current": 1199.93,
            "min": 1200.0,
            "max": 3400.0
        },
        {
            "current": 1458.52,
            "min": 1200.0,
            "max": 3400.0
        },
        {
            "current": 1201.465,
            "min": 1200.0,
            "max": 3400.0
        },
        {
            "current": 1200.267,
            "min": 1200.0,
            "max": 3400.0
        },
        {
            "current": 1284.321,
            "min": 1200.0,
            "max": 3400.0
        },
        {
            "current": 2168.069,
            "min": 1200.0,
            "max": 3400.0
        },
        {
            "current": 1198.566,
            "min": 1200.0,
            "max": 3400.0
        },
        {
            "current": 1198.385,
            "min": 1200.0,
            "max": 3400.0
        },
        {
            "current": 1285.474,
            "min": 1200.0,
            "max": 3400.0
        },
        {
            "current": 1197.823,
            "min": 1200.0,
            "max": 3400.0
        },
        {
            "current": 1197.591,
            "min": 1200.0,
            "max": 3400.0
        },
        {
            "current": 1198.185,
            "min": 1200.0,
            "max": 3400.0
        },
        {
            "current": 1197.506,
            "min": 1200.0,
            "max": 3400.0
        },
        {
            "current": 1198.244,
            "min": 1200.0,
            "max": 3400.0
        },
        {
            "current": 1197.905,
            "min": 1200.0,
            "max": 3400.0
        },
        {
            "current": 1198.543,
            "min": 1200.0,
            "max": 3400.0
        },
        {
            "current": 1198.687,
            "min": 1200.0,
            "max": 3400.0
        },
        {
            "current": 1198.988,
            "min": 1200.0,
            "max": 3400.0
        },
        {
            "current": 1198.096,
            "min": 1200.0,
            "max": 3400.0
        },
        {
            "current": 1198.264,
            "min": 1200.0,
            "max": 3400.0
        },
        {
            "current": 1198.425,
            "min": 1200.0,
            "max": 3400.0
        },
        {
            "current": 1561.587,
            "min": 1200.0,
            "max": 3400.0
        },
        {
            "current": 1197.665,
            "min": 1200.0,
            "max": 3400.0
        },
        {
            "current": 1198.419,
            "min": 1200.0,
            "max": 3400.0
        }
    ],
    "disk": {
        "/": {
            "total": 3666.450019836426,
            "used": 3119.1697425842285
        }
    },
    "gpu": "NVIDIA GeForce GTX 1080 Ti",
    "gpu_count": 4,
    "gpu_devices": [
        {
            "name": "NVIDIA GeForce GTX 1080 Ti",
            "memory_total": 11713052672
        },
        {
            "name": "NVIDIA GeForce GTX 1080 Ti",
            "memory_total": 11721506816
        },
        {
            "name": "NVIDIA GeForce GTX 1080 Ti",
            "memory_total": 11721506816
        },
        {
            "name": "NVIDIA GeForce GTX 1080 Ti",
            "memory_total": 11721506816
        }
    ],
    "memory": {
        "total": 62.79499816894531
    }
}
