{
    "os": "Linux-4.15.0-206-generic-x86_64-with-glibc2.29",
    "python": "3.8.10",
    "heartbeatAt": "2024-03-11T06:16:16.248954",
    "startedAt": "2024-03-11T06:16:10.862982",
    "docker": null,
    "cuda": null,
    "args": [
        "--gradient_accumulation_steps",
        "4",
        "--gradient_checkpointing",
        "--data_train_path",
        "/tf/sangnt162/eval_truncating.json",
        "--data_validation_path",
        "/tf/sangnt162/eval_truncating.json",
        "--local_files_or_path",
        "/tf/khangld1/gemma-2b/",
        "--do_eval",
        "--eval_steps",
        "25",
        "--evaluation_strategy",
        "steps",
        "--logging_train_steps",
        "4",
        "--save_strategy",
        "epoch",
        "--save_epochs",
        "2",
        "--save_steps",
        "25",
        "--max_length",
        "128",
        "--padding",
        "max_length",
        "--seq2seq_or_causal",
        "causal",
        "--wandb"
    ],
    "state": "running",
    "program": "train_gemma_2.py",
    "codePathLocal": "train_gemma_2.py",
    "codePath": "train_gemma_2.py",
    "host": "a5f7ce7a9e79",
    "username": "root",
    "executable": "/tf/sangnt162/sang_fsdp/bin/python",
    "cpu_count": 20,
    "cpu_count_logical": 40,
    "cpu_freq": {
        "current": 1339.7676749999998,
        "min": 1200.0,
        "max": 3400.0
    },
    "cpu_freq_per_core": [
        {
            "current": 1585.121,
            "min": 1200.0,
            "max": 3400.0
        },
        {
            "current": 1198.903,
            "min": 1200.0,
            "max": 3400.0
        },
        {
            "current": 1198.672,
            "min": 1200.0,
            "max": 3400.0
        },
        {
            "current": 1356.828,
            "min": 1200.0,
            "max": 3400.0
        },
        {
            "current": 1199.906,
            "min": 1200.0,
            "max": 3400.0
        },
        {
            "current": 1199.873,
            "min": 1200.0,
            "max": 3400.0
        },
        {
            "current": 1199.797,
            "min": 1200.0,
            "max": 3400.0
        },
        {
            "current": 1199.54,
            "min": 1200.0,
            "max": 3400.0
        },
        {
            "current": 2393.827,
            "min": 1200.0,
            "max": 3400.0
        },
        {
            "current": 1200.099,
            "min": 1200.0,
            "max": 3400.0
        },
        {
            "current": 1600.019,
            "min": 1200.0,
            "max": 3400.0
        },
        {
            "current": 1198.766,
            "min": 1200.0,
            "max": 3400.0
        },
        {
            "current": 1198.669,
            "min": 1200.0,
            "max": 3400.0
        },
        {
            "current": 1200.257,
            "min": 1200.0,
            "max": 3400.0
        },
        {
            "current": 1200.082,
            "min": 1200.0,
            "max": 3400.0
        },
        {
            "current": 1294.184,
            "min": 1200.0,
            "max": 3400.0
        },
        {
            "current": 1525.253,
            "min": 1200.0,
            "max": 3400.0
        },
        {
            "current": 1197.6,
            "min": 1200.0,
            "max": 3400.0
        },
        {
            "current": 1198.653,
            "min": 1200.0,
            "max": 3400.0
        },
        {
            "current": 2400.762,
            "min": 1200.0,
            "max": 3400.0
        },
        {
            "current": 1571.14,
            "min": 1200.0,
            "max": 3400.0
        },
        {
            "current": 1197.414,
            "min": 1200.0,
            "max": 3400.0
        },
        {
            "current": 1197.757,
            "min": 1200.0,
            "max": 3400.0
        },
        {
            "current": 1214.518,
            "min": 1200.0,
            "max": 3400.0
        },
        {
            "current": 1198.7,
            "min": 1200.0,
            "max": 3400.0
        },
        {
            "current": 1197.823,
            "min": 1200.0,
            "max": 3400.0
        },
        {
            "current": 1198.578,
            "min": 1200.0,
            "max": 3400.0
        },
        {
            "current": 1198.341,
            "min": 1200.0,
            "max": 3400.0
        },
        {
            "current": 1917.894,
            "min": 1200.0,
            "max": 3400.0
        },
        {
            "current": 1198.743,
            "min": 1200.0,
            "max": 3400.0
        },
        {
            "current": 1597.269,
            "min": 1200.0,
            "max": 3400.0
        },
        {
            "current": 1198.911,
            "min": 1200.0,
            "max": 3400.0
        },
        {
            "current": 1198.909,
            "min": 1200.0,
            "max": 3400.0
        },
        {
            "current": 1198.386,
            "min": 1200.0,
            "max": 3400.0
        },
        {
            "current": 1198.341,
            "min": 1200.0,
            "max": 3400.0
        },
        {
            "current": 1249.957,
            "min": 1200.0,
            "max": 3400.0
        },
        {
            "current": 1543.105,
            "min": 1200.0,
            "max": 3400.0
        },
        {
            "current": 1197.12,
            "min": 1200.0,
            "max": 3400.0
        },
        {
            "current": 1198.979,
            "min": 1200.0,
            "max": 3400.0
        },
        {
            "current": 2394.708,
            "min": 1200.0,
            "max": 3400.0
        }
    ],
    "disk": {
        "/": {
            "total": 3666.450019836426,
            "used": 3132.0938682556152
        }
    },
    "gpu": "NVIDIA GeForce GTX 1080 Ti",
    "gpu_count": 4,
    "gpu_devices": [
        {
            "name": "NVIDIA GeForce GTX 1080 Ti",
            "memory_total": 11713052672
        },
        {
            "name": "NVIDIA GeForce GTX 1080 Ti",
            "memory_total": 11721506816
        },
        {
            "name": "NVIDIA GeForce GTX 1080 Ti",
            "memory_total": 11721506816
        },
        {
            "name": "NVIDIA GeForce GTX 1080 Ti",
            "memory_total": 11721506816
        }
    ],
    "memory": {
        "total": 62.79499816894531
    }
}
