{
    "os": "Linux-4.15.0-206-generic-x86_64-with-glibc2.29",
    "python": "3.8.10",
    "heartbeatAt": "2024-03-12T08:28:09.571637",
    "startedAt": "2024-03-12T08:28:04.018390",
    "docker": null,
    "cuda": null,
    "args": [
        "--gradient_accumulation_steps",
        "4",
        "--gradient_checkpointing",
        "--data_train_path",
        "/tf/sangnt162/eval_truncating.json",
        "--data_validation_path",
        "/tf/sangnt162/eval_truncating.json",
        "--local_files_or_path",
        "/tf/khangld1/gemma-2b/",
        "--do_eval",
        "--eval_steps",
        "25",
        "--evaluation_strategy",
        "steps",
        "--logging_train_steps",
        "4",
        "--save_strategy",
        "epoch",
        "--save_epochs",
        "4",
        "--save_steps",
        "25",
        "--max_length",
        "1024",
        "--padding",
        "max_length",
        "--seq2seq_or_causal",
        "causal",
        "--wandb"
    ],
    "state": "running",
    "program": "train_gemma_3.py",
    "codePathLocal": "train_gemma_3.py",
    "codePath": "train_gemma_3.py",
    "host": "a5f7ce7a9e79",
    "username": "root",
    "executable": "/tf/sangnt162/sang_fsdp/bin/python",
    "cpu_count": 20,
    "cpu_count_logical": 40,
    "cpu_freq": {
        "current": 1391.6943500000002,
        "min": 1200.0,
        "max": 3400.0
    },
    "cpu_freq_per_core": [
        {
            "current": 1197.498,
            "min": 1200.0,
            "max": 3400.0
        },
        {
            "current": 1197.409,
            "min": 1200.0,
            "max": 3400.0
        },
        {
            "current": 1197.444,
            "min": 1200.0,
            "max": 3400.0
        },
        {
            "current": 1198.92,
            "min": 1200.0,
            "max": 3400.0
        },
        {
            "current": 1198.66,
            "min": 1200.0,
            "max": 3400.0
        },
        {
            "current": 1995.62,
            "min": 1200.0,
            "max": 3400.0
        },
        {
            "current": 1820.973,
            "min": 1200.0,
            "max": 3400.0
        },
        {
            "current": 1198.82,
            "min": 1200.0,
            "max": 3400.0
        },
        {
            "current": 1199.108,
            "min": 1200.0,
            "max": 3400.0
        },
        {
            "current": 1646.901,
            "min": 1200.0,
            "max": 3400.0
        },
        {
            "current": 1201.217,
            "min": 1200.0,
            "max": 3400.0
        },
        {
            "current": 1199.996,
            "min": 1200.0,
            "max": 3400.0
        },
        {
            "current": 1636.583,
            "min": 1200.0,
            "max": 3400.0
        },
        {
            "current": 1397.84,
            "min": 1200.0,
            "max": 3400.0
        },
        {
            "current": 1198.857,
            "min": 1200.0,
            "max": 3400.0
        },
        {
            "current": 1197.408,
            "min": 1200.0,
            "max": 3400.0
        },
        {
            "current": 1200.371,
            "min": 1200.0,
            "max": 3400.0
        },
        {
            "current": 1318.302,
            "min": 1200.0,
            "max": 3400.0
        },
        {
            "current": 1510.747,
            "min": 1200.0,
            "max": 3400.0
        },
        {
            "current": 1197.377,
            "min": 1200.0,
            "max": 3400.0
        },
        {
            "current": 1197.369,
            "min": 1200.0,
            "max": 3400.0
        },
        {
            "current": 1198.049,
            "min": 1200.0,
            "max": 3400.0
        },
        {
            "current": 1197.569,
            "min": 1200.0,
            "max": 3400.0
        },
        {
            "current": 1197.518,
            "min": 1200.0,
            "max": 3400.0
        },
        {
            "current": 1198.995,
            "min": 1200.0,
            "max": 3400.0
        },
        {
            "current": 1993.58,
            "min": 1200.0,
            "max": 3400.0
        },
        {
            "current": 1867.933,
            "min": 1200.0,
            "max": 3400.0
        },
        {
            "current": 1217.791,
            "min": 1200.0,
            "max": 3400.0
        },
        {
            "current": 1197.462,
            "min": 1200.0,
            "max": 3400.0
        },
        {
            "current": 1744.651,
            "min": 1200.0,
            "max": 3400.0
        },
        {
            "current": 1197.415,
            "min": 1200.0,
            "max": 3400.0
        },
        {
            "current": 1198.408,
            "min": 1200.0,
            "max": 3400.0
        },
        {
            "current": 1595.754,
            "min": 1200.0,
            "max": 3400.0
        },
        {
            "current": 1397.47,
            "min": 1200.0,
            "max": 3400.0
        },
        {
            "current": 1197.728,
            "min": 1200.0,
            "max": 3400.0
        },
        {
            "current": 1198.018,
            "min": 1200.0,
            "max": 3400.0
        },
        {
            "current": 1197.035,
            "min": 1200.0,
            "max": 3400.0
        },
        {
            "current": 1650.889,
            "min": 1200.0,
            "max": 3400.0
        },
        {
            "current": 1950.462,
            "min": 1200.0,
            "max": 3400.0
        },
        {
            "current": 1198.059,
            "min": 1200.0,
            "max": 3400.0
        }
    ],
    "disk": {
        "/": {
            "total": 3666.450019836426,
            "used": 3123.533191680908
        }
    },
    "gpu": "NVIDIA GeForce GTX 1080 Ti",
    "gpu_count": 4,
    "memory": {
        "total": 62.79499816894531
    }
}
