{
    "os": "Linux-4.15.0-206-generic-x86_64-with-glibc2.29",
    "python": "3.8.10",
    "heartbeatAt": "2024-03-12T04:20:40.042610",
    "startedAt": "2024-03-12T04:20:39.666188",
    "docker": null,
    "cuda": null,
    "args": [
        "--gradient_accumulation_steps",
        "4",
        "--gradient_checkpointing",
        "--data_train_path",
        "/tf/sangnt162/eval_truncating.json",
        "--data_validation_path",
        "/tf/sangnt162/eval_truncating.json",
        "--local_files_or_path",
        "/tf/khangld1/gemma-2b/",
        "--do_eval",
        "--eval_steps",
        "25",
        "--evaluation_strategy",
        "steps",
        "--logging_train_steps",
        "4",
        "--save_strategy",
        "epoch",
        "--save_epochs",
        "4",
        "--save_steps",
        "25",
        "--max_length",
        "1024",
        "--padding",
        "max_length",
        "--seq2seq_or_causal",
        "causal",
        "--wandb"
    ],
    "state": "running",
    "program": "train_gemma_3.py",
    "codePathLocal": "train_gemma_3.py",
    "codePath": "train_gemma_3.py",
    "host": "a5f7ce7a9e79",
    "username": "root",
    "executable": "/tf/sangnt162/sang_fsdp/bin/python",
    "cpu_count": 20,
    "cpu_count_logical": 40,
    "cpu_freq": {
        "current": 1614.3130999999998,
        "min": 1200.0,
        "max": 3400.0
    },
    "cpu_freq_per_core": [
        {
            "current": 1254.123,
            "min": 1200.0,
            "max": 3400.0
        },
        {
            "current": 1483.778,
            "min": 1200.0,
            "max": 3400.0
        },
        {
            "current": 1198.046,
            "min": 1200.0,
            "max": 3400.0
        },
        {
            "current": 1197.724,
            "min": 1200.0,
            "max": 3400.0
        },
        {
            "current": 2230.139,
            "min": 1200.0,
            "max": 3400.0
        },
        {
            "current": 1231.421,
            "min": 1200.0,
            "max": 3400.0
        },
        {
            "current": 1753.293,
            "min": 1200.0,
            "max": 3400.0
        },
        {
            "current": 1198.635,
            "min": 1200.0,
            "max": 3400.0
        },
        {
            "current": 1705.391,
            "min": 1200.0,
            "max": 3400.0
        },
        {
            "current": 1259.488,
            "min": 1200.0,
            "max": 3400.0
        },
        {
            "current": 1300.537,
            "min": 1200.0,
            "max": 3400.0
        },
        {
            "current": 1201.437,
            "min": 1200.0,
            "max": 3400.0
        },
        {
            "current": 1198.1,
            "min": 1200.0,
            "max": 3400.0
        },
        {
            "current": 1807.625,
            "min": 1200.0,
            "max": 3400.0
        },
        {
            "current": 1200.391,
            "min": 1200.0,
            "max": 3400.0
        },
        {
            "current": 1377.68,
            "min": 1200.0,
            "max": 3400.0
        },
        {
            "current": 1940.87,
            "min": 1200.0,
            "max": 3400.0
        },
        {
            "current": 1199.099,
            "min": 1200.0,
            "max": 3400.0
        },
        {
            "current": 1198.71,
            "min": 1200.0,
            "max": 3400.0
        },
        {
            "current": 2400.321,
            "min": 1200.0,
            "max": 3400.0
        },
        {
            "current": 1507.754,
            "min": 1200.0,
            "max": 3400.0
        },
        {
            "current": 1304.633,
            "min": 1200.0,
            "max": 3400.0
        },
        {
            "current": 1197.623,
            "min": 1200.0,
            "max": 3400.0
        },
        {
            "current": 1198.905,
            "min": 1200.0,
            "max": 3400.0
        },
        {
            "current": 1904.491,
            "min": 1200.0,
            "max": 3400.0
        },
        {
            "current": 1338.045,
            "min": 1200.0,
            "max": 3400.0
        },
        {
            "current": 1586.494,
            "min": 1200.0,
            "max": 3400.0
        },
        {
            "current": 1221.909,
            "min": 1200.0,
            "max": 3400.0
        },
        {
            "current": 1198.874,
            "min": 1200.0,
            "max": 3400.0
        },
        {
            "current": 1259.552,
            "min": 1200.0,
            "max": 3400.0
        },
        {
            "current": 1297.507,
            "min": 1200.0,
            "max": 3400.0
        },
        {
            "current": 1198.262,
            "min": 1200.0,
            "max": 3400.0
        },
        {
            "current": 1197.462,
            "min": 1200.0,
            "max": 3400.0
        },
        {
            "current": 2040.05,
            "min": 1200.0,
            "max": 3400.0
        },
        {
            "current": 1198.494,
            "min": 1200.0,
            "max": 3400.0
        },
        {
            "current": 1398.547,
            "min": 1200.0,
            "max": 3400.0
        },
        {
            "current": 2079.809,
            "min": 1200.0,
            "max": 3400.0
        },
        {
            "current": 1197.737,
            "min": 1200.0,
            "max": 3400.0
        },
        {
            "current": 1199.069,
            "min": 1200.0,
            "max": 3400.0
        },
        {
            "current": 1934.059,
            "min": 1200.0,
            "max": 3400.0
        }
    ],
    "disk": {
        "/": {
            "total": 3666.450019836426,
            "used": 3122.1711769104004
        }
    },
    "gpu": "NVIDIA GeForce GTX 1080 Ti",
    "gpu_count": 4,
    "memory": {
        "total": 62.79499816894531
    }
}
