{
    "os": "Linux-4.15.0-206-generic-x86_64-with-glibc2.29",
    "python": "3.8.10",
    "heartbeatAt": "2024-03-12T07:09:58.917892",
    "startedAt": "2024-03-12T07:09:53.634066",
    "docker": null,
    "cuda": null,
    "args": [
        "--gradient_accumulation_steps",
        "4",
        "--gradient_checkpointing",
        "--data_train_path",
        "/tf/sangnt162/eval_truncating.json",
        "--data_validation_path",
        "/tf/sangnt162/eval_truncating.json",
        "--local_files_or_path",
        "/tf/khangld1/gemma-2b/",
        "--do_eval",
        "--eval_steps",
        "25",
        "--evaluation_strategy",
        "steps",
        "--logging_train_steps",
        "4",
        "--save_strategy",
        "epoch",
        "--save_epochs",
        "4",
        "--save_steps",
        "25",
        "--max_length",
        "1024",
        "--padding",
        "max_length",
        "--seq2seq_or_causal",
        "causal",
        "--wandb"
    ],
    "state": "running",
    "program": "train_gemma_3.py",
    "codePathLocal": "train_gemma_3.py",
    "codePath": "train_gemma_3.py",
    "host": "a5f7ce7a9e79",
    "username": "root",
    "executable": "/tf/sangnt162/sang_fsdp/bin/python",
    "cpu_count": 20,
    "cpu_count_logical": 40,
    "cpu_freq": {
        "current": 1302.190125,
        "min": 1200.0,
        "max": 3400.0
    },
    "cpu_freq_per_core": [
        {
            "current": 1197.59,
            "min": 1200.0,
            "max": 3400.0
        },
        {
            "current": 1199.917,
            "min": 1200.0,
            "max": 3400.0
        },
        {
            "current": 1199.688,
            "min": 1200.0,
            "max": 3400.0
        },
        {
            "current": 1201.263,
            "min": 1200.0,
            "max": 3400.0
        },
        {
            "current": 2394.465,
            "min": 1200.0,
            "max": 3400.0
        },
        {
            "current": 1199.679,
            "min": 1200.0,
            "max": 3400.0
        },
        {
            "current": 1200.123,
            "min": 1200.0,
            "max": 3400.0
        },
        {
            "current": 1200.549,
            "min": 1200.0,
            "max": 3400.0
        },
        {
            "current": 1255.833,
            "min": 1200.0,
            "max": 3400.0
        },
        {
            "current": 1199.858,
            "min": 1200.0,
            "max": 3400.0
        },
        {
            "current": 1200.014,
            "min": 1200.0,
            "max": 3400.0
        },
        {
            "current": 1299.623,
            "min": 1200.0,
            "max": 3400.0
        },
        {
            "current": 1200.058,
            "min": 1200.0,
            "max": 3400.0
        },
        {
            "current": 1199.957,
            "min": 1200.0,
            "max": 3400.0
        },
        {
            "current": 1199.611,
            "min": 1200.0,
            "max": 3400.0
        },
        {
            "current": 1197.367,
            "min": 1200.0,
            "max": 3400.0
        },
        {
            "current": 1952.688,
            "min": 1200.0,
            "max": 3400.0
        },
        {
            "current": 1441.706,
            "min": 1200.0,
            "max": 3400.0
        },
        {
            "current": 1198.729,
            "min": 1200.0,
            "max": 3400.0
        },
        {
            "current": 1199.226,
            "min": 1200.0,
            "max": 3400.0
        },
        {
            "current": 1197.358,
            "min": 1200.0,
            "max": 3400.0
        },
        {
            "current": 1198.386,
            "min": 1200.0,
            "max": 3400.0
        },
        {
            "current": 1197.535,
            "min": 1200.0,
            "max": 3400.0
        },
        {
            "current": 1197.713,
            "min": 1200.0,
            "max": 3400.0
        },
        {
            "current": 2394.71,
            "min": 1200.0,
            "max": 3400.0
        },
        {
            "current": 1198.436,
            "min": 1200.0,
            "max": 3400.0
        },
        {
            "current": 1198.773,
            "min": 1200.0,
            "max": 3400.0
        },
        {
            "current": 1197.572,
            "min": 1200.0,
            "max": 3400.0
        },
        {
            "current": 1343.99,
            "min": 1200.0,
            "max": 3400.0
        },
        {
            "current": 1198.488,
            "min": 1200.0,
            "max": 3400.0
        },
        {
            "current": 1198.078,
            "min": 1200.0,
            "max": 3400.0
        },
        {
            "current": 1297.684,
            "min": 1200.0,
            "max": 3400.0
        },
        {
            "current": 1198.366,
            "min": 1200.0,
            "max": 3400.0
        },
        {
            "current": 1198.083,
            "min": 1200.0,
            "max": 3400.0
        },
        {
            "current": 1198.196,
            "min": 1200.0,
            "max": 3400.0
        },
        {
            "current": 1197.896,
            "min": 1200.0,
            "max": 3400.0
        },
        {
            "current": 2087.944,
            "min": 1200.0,
            "max": 3400.0
        },
        {
            "current": 1702.144,
            "min": 1200.0,
            "max": 3400.0
        },
        {
            "current": 1198.482,
            "min": 1200.0,
            "max": 3400.0
        },
        {
            "current": 1197.681,
            "min": 1200.0,
            "max": 3400.0
        }
    ],
    "disk": {
        "/": {
            "total": 3666.450019836426,
            "used": 3122.1827392578125
        }
    },
    "gpu": "NVIDIA GeForce GTX 1080 Ti",
    "gpu_count": 4,
    "memory": {
        "total": 62.79499816894531
    }
}
