{
    "os": "Linux-4.15.0-206-generic-x86_64-with-glibc2.29",
    "python": "3.8.10",
    "heartbeatAt": "2024-03-12T04:08:55.004283",
    "startedAt": "2024-03-12T04:08:49.707330",
    "docker": null,
    "cuda": null,
    "args": [
        "--gradient_accumulation_steps",
        "4",
        "--gradient_checkpointing",
        "--data_train_path",
        "/tf/sangnt162/eval_truncating.json",
        "--data_validation_path",
        "/tf/sangnt162/eval_truncating.json",
        "--local_files_or_path",
        "/tf/khangld1/gemma-2b/",
        "--do_eval",
        "--eval_steps",
        "25",
        "--evaluation_strategy",
        "steps",
        "--logging_train_steps",
        "4",
        "--save_strategy",
        "epoch",
        "--save_epochs",
        "4",
        "--save_steps",
        "25",
        "--max_length",
        "1024",
        "--padding",
        "max_length",
        "--seq2seq_or_causal",
        "causal",
        "--wandb"
    ],
    "state": "running",
    "program": "train_gemma_3.py",
    "codePathLocal": "train_gemma_3.py",
    "codePath": "train_gemma_3.py",
    "host": "a5f7ce7a9e79",
    "username": "root",
    "executable": "/tf/sangnt162/sang_fsdp/bin/python",
    "cpu_count": 20,
    "cpu_count_logical": 40,
    "cpu_freq": {
        "current": 1490.65655,
        "min": 1200.0,
        "max": 3400.0
    },
    "cpu_freq_per_core": [
        {
            "current": 2394.68,
            "min": 1200.0,
            "max": 3400.0
        },
        {
            "current": 1200.127,
            "min": 1200.0,
            "max": 3400.0
        },
        {
            "current": 1198.508,
            "min": 1200.0,
            "max": 3400.0
        },
        {
            "current": 1197.709,
            "min": 1200.0,
            "max": 3400.0
        },
        {
            "current": 1197.366,
            "min": 1200.0,
            "max": 3400.0
        },
        {
            "current": 1198.366,
            "min": 1200.0,
            "max": 3400.0
        },
        {
            "current": 1201.749,
            "min": 1200.0,
            "max": 3400.0
        },
        {
            "current": 1527.327,
            "min": 1200.0,
            "max": 3400.0
        },
        {
            "current": 1200.266,
            "min": 1200.0,
            "max": 3400.0
        },
        {
            "current": 2394.709,
            "min": 1200.0,
            "max": 3400.0
        },
        {
            "current": 1200.647,
            "min": 1200.0,
            "max": 3400.0
        },
        {
            "current": 1591.431,
            "min": 1200.0,
            "max": 3400.0
        },
        {
            "current": 2394.709,
            "min": 1200.0,
            "max": 3400.0
        },
        {
            "current": 1483.201,
            "min": 1200.0,
            "max": 3400.0
        },
        {
            "current": 2394.708,
            "min": 1200.0,
            "max": 3400.0
        },
        {
            "current": 1198.929,
            "min": 1200.0,
            "max": 3400.0
        },
        {
            "current": 1199.996,
            "min": 1200.0,
            "max": 3400.0
        },
        {
            "current": 1199.012,
            "min": 1200.0,
            "max": 3400.0
        },
        {
            "current": 1200.188,
            "min": 1200.0,
            "max": 3400.0
        },
        {
            "current": 1200.392,
            "min": 1200.0,
            "max": 3400.0
        },
        {
            "current": 2394.709,
            "min": 1200.0,
            "max": 3400.0
        },
        {
            "current": 1198.643,
            "min": 1200.0,
            "max": 3400.0
        },
        {
            "current": 1197.788,
            "min": 1200.0,
            "max": 3400.0
        },
        {
            "current": 1199.524,
            "min": 1200.0,
            "max": 3400.0
        },
        {
            "current": 1196.847,
            "min": 1200.0,
            "max": 3400.0
        },
        {
            "current": 1197.904,
            "min": 1200.0,
            "max": 3400.0
        },
        {
            "current": 1197.762,
            "min": 1200.0,
            "max": 3400.0
        },
        {
            "current": 1669.423,
            "min": 1200.0,
            "max": 3400.0
        },
        {
            "current": 1198.81,
            "min": 1200.0,
            "max": 3400.0
        },
        {
            "current": 2394.13,
            "min": 1200.0,
            "max": 3400.0
        },
        {
            "current": 1197.539,
            "min": 1200.0,
            "max": 3400.0
        },
        {
            "current": 1392.505,
            "min": 1200.0,
            "max": 3400.0
        },
        {
            "current": 2391.851,
            "min": 1200.0,
            "max": 3400.0
        },
        {
            "current": 1446.1,
            "min": 1200.0,
            "max": 3400.0
        },
        {
            "current": 2395.875,
            "min": 1200.0,
            "max": 3400.0
        },
        {
            "current": 1198.757,
            "min": 1200.0,
            "max": 3400.0
        },
        {
            "current": 1197.795,
            "min": 1200.0,
            "max": 3400.0
        },
        {
            "current": 1198.842,
            "min": 1200.0,
            "max": 3400.0
        },
        {
            "current": 1198.101,
            "min": 1200.0,
            "max": 3400.0
        },
        {
            "current": 1198.415,
            "min": 1200.0,
            "max": 3400.0
        }
    ],
    "disk": {
        "/": {
            "total": 3666.450019836426,
            "used": 3122.170093536377
        }
    },
    "gpu": "NVIDIA GeForce GTX 1080 Ti",
    "gpu_count": 4,
    "memory": {
        "total": 62.79499816894531
    }
}
