{
    "os": "Linux-4.15.0-206-generic-x86_64-with-glibc2.29",
    "python": "3.8.10",
    "heartbeatAt": "2024-03-12T09:00:29.923286",
    "startedAt": "2024-03-12T09:00:29.322271",
    "docker": null,
    "cuda": null,
    "args": [
        "--gradient_accumulation_steps",
        "4",
        "--gradient_checkpointing",
        "--data_train_path",
        "/tf/sangnt162/eval_truncating.json",
        "--data_validation_path",
        "/tf/sangnt162/eval_truncating.json",
        "--local_files_or_path",
        "/tf/khangld1/gemma-2b/",
        "--do_eval",
        "--eval_steps",
        "25",
        "--evaluation_strategy",
        "steps",
        "--logging_train_steps",
        "4",
        "--save_strategy",
        "epoch",
        "--save_epochs",
        "4",
        "--save_steps",
        "25",
        "--max_length",
        "100",
        "--padding",
        "max_length",
        "--seq2seq_or_causal",
        "causal",
        "--wandb"
    ],
    "state": "running",
    "program": "train_gemma_3.py",
    "codePathLocal": "train_gemma_3.py",
    "codePath": "train_gemma_3.py",
    "host": "a5f7ce7a9e79",
    "username": "root",
    "executable": "/tf/sangnt162/sang_fsdp/bin/python",
    "cpu_count": 20,
    "cpu_count_logical": 40,
    "cpu_freq": {
        "current": 1471.2800750000001,
        "min": 1200.0,
        "max": 3400.0
    },
    "cpu_freq_per_core": [
        {
            "current": 1570.3,
            "min": 1200.0,
            "max": 3400.0
        },
        {
            "current": 1706.804,
            "min": 1200.0,
            "max": 3400.0
        },
        {
            "current": 1424.393,
            "min": 1200.0,
            "max": 3400.0
        },
        {
            "current": 2834.229,
            "min": 1200.0,
            "max": 3400.0
        },
        {
            "current": 2627.447,
            "min": 1200.0,
            "max": 3400.0
        },
        {
            "current": 1197.397,
            "min": 1200.0,
            "max": 3400.0
        },
        {
            "current": 1276.65,
            "min": 1200.0,
            "max": 3400.0
        },
        {
            "current": 1197.425,
            "min": 1200.0,
            "max": 3400.0
        },
        {
            "current": 1197.53,
            "min": 1200.0,
            "max": 3400.0
        },
        {
            "current": 1197.55,
            "min": 1200.0,
            "max": 3400.0
        },
        {
            "current": 1200.952,
            "min": 1200.0,
            "max": 3400.0
        },
        {
            "current": 1202.005,
            "min": 1200.0,
            "max": 3400.0
        },
        {
            "current": 1374.173,
            "min": 1200.0,
            "max": 3400.0
        },
        {
            "current": 1202.915,
            "min": 1200.0,
            "max": 3400.0
        },
        {
            "current": 1198.311,
            "min": 1200.0,
            "max": 3400.0
        },
        {
            "current": 1200.786,
            "min": 1200.0,
            "max": 3400.0
        },
        {
            "current": 1389.406,
            "min": 1200.0,
            "max": 3400.0
        },
        {
            "current": 1197.354,
            "min": 1200.0,
            "max": 3400.0
        },
        {
            "current": 1198.124,
            "min": 1200.0,
            "max": 3400.0
        },
        {
            "current": 1197.345,
            "min": 1200.0,
            "max": 3400.0
        },
        {
            "current": 1684.833,
            "min": 1200.0,
            "max": 3400.0
        },
        {
            "current": 1411.413,
            "min": 1200.0,
            "max": 3400.0
        },
        {
            "current": 1308.21,
            "min": 1200.0,
            "max": 3400.0
        },
        {
            "current": 2951.05,
            "min": 1200.0,
            "max": 3400.0
        },
        {
            "current": 2593.48,
            "min": 1200.0,
            "max": 3400.0
        },
        {
            "current": 1200.141,
            "min": 1200.0,
            "max": 3400.0
        },
        {
            "current": 1251.816,
            "min": 1200.0,
            "max": 3400.0
        },
        {
            "current": 1197.13,
            "min": 1200.0,
            "max": 3400.0
        },
        {
            "current": 1196.986,
            "min": 1200.0,
            "max": 3400.0
        },
        {
            "current": 1197.354,
            "min": 1200.0,
            "max": 3400.0
        },
        {
            "current": 1197.452,
            "min": 1200.0,
            "max": 3400.0
        },
        {
            "current": 1197.343,
            "min": 1200.0,
            "max": 3400.0
        },
        {
            "current": 1399.353,
            "min": 1200.0,
            "max": 3400.0
        },
        {
            "current": 1266.024,
            "min": 1200.0,
            "max": 3400.0
        },
        {
            "current": 1196.998,
            "min": 1200.0,
            "max": 3400.0
        },
        {
            "current": 1262.703,
            "min": 1200.0,
            "max": 3400.0
        },
        {
            "current": 1393.34,
            "min": 1200.0,
            "max": 3400.0
        },
        {
            "current": 1192.294,
            "min": 1200.0,
            "max": 3400.0
        },
        {
            "current": 1197.287,
            "min": 1200.0,
            "max": 3400.0
        },
        {
            "current": 1197.377,
            "min": 1200.0,
            "max": 3400.0
        }
    ],
    "disk": {
        "/": {
            "total": 3666.450019836426,
            "used": 3123.5510902404785
        }
    },
    "gpu": "NVIDIA GeForce GTX 1080 Ti",
    "gpu_count": 4,
    "memory": {
        "total": 62.79499816894531
    }
}
