{
    "os": "Linux-4.15.0-206-generic-x86_64-with-glibc2.29",
    "python": "3.8.10",
    "heartbeatAt": "2024-03-12T03:57:59.724008",
    "startedAt": "2024-03-12T03:57:54.359327",
    "docker": null,
    "cuda": null,
    "args": [
        "--gradient_accumulation_steps",
        "4",
        "--gradient_checkpointing",
        "--data_train_path",
        "/tf/sangnt162/eval_truncating.json",
        "--data_validation_path",
        "/tf/sangnt162/eval_truncating.json",
        "--local_files_or_path",
        "/tf/khangld1/gemma-2b/",
        "--do_eval",
        "--eval_steps",
        "25",
        "--evaluation_strategy",
        "steps",
        "--logging_train_steps",
        "4",
        "--save_strategy",
        "epoch",
        "--save_epochs",
        "4",
        "--save_steps",
        "25",
        "--max_length",
        "1024",
        "--padding",
        "max_length",
        "--seq2seq_or_causal",
        "causal",
        "--wandb"
    ],
    "state": "running",
    "program": "train_gemma_3.py",
    "codePathLocal": "train_gemma_3.py",
    "codePath": "train_gemma_3.py",
    "host": "a5f7ce7a9e79",
    "username": "root",
    "executable": "/tf/sangnt162/sang_fsdp/bin/python",
    "cpu_count": 20,
    "cpu_count_logical": 40,
    "cpu_freq": {
        "current": 1389.563775,
        "min": 1200.0,
        "max": 3400.0
    },
    "cpu_freq_per_core": [
        {
            "current": 1287.965,
            "min": 1200.0,
            "max": 3400.0
        },
        {
            "current": 1199.925,
            "min": 1200.0,
            "max": 3400.0
        },
        {
            "current": 1389.991,
            "min": 1200.0,
            "max": 3400.0
        },
        {
            "current": 1207.482,
            "min": 1200.0,
            "max": 3400.0
        },
        {
            "current": 1232.028,
            "min": 1200.0,
            "max": 3400.0
        },
        {
            "current": 1199.562,
            "min": 1200.0,
            "max": 3400.0
        },
        {
            "current": 1199.738,
            "min": 1200.0,
            "max": 3400.0
        },
        {
            "current": 1200.549,
            "min": 1200.0,
            "max": 3400.0
        },
        {
            "current": 1501.318,
            "min": 1200.0,
            "max": 3400.0
        },
        {
            "current": 1200.574,
            "min": 1200.0,
            "max": 3400.0
        },
        {
            "current": 1199.977,
            "min": 1200.0,
            "max": 3400.0
        },
        {
            "current": 1199.543,
            "min": 1200.0,
            "max": 3400.0
        },
        {
            "current": 1198.766,
            "min": 1200.0,
            "max": 3400.0
        },
        {
            "current": 1198.988,
            "min": 1200.0,
            "max": 3400.0
        },
        {
            "current": 1200.134,
            "min": 1200.0,
            "max": 3400.0
        },
        {
            "current": 1200.08,
            "min": 1200.0,
            "max": 3400.0
        },
        {
            "current": 1901.026,
            "min": 1200.0,
            "max": 3400.0
        },
        {
            "current": 1200.143,
            "min": 1200.0,
            "max": 3400.0
        },
        {
            "current": 2062.362,
            "min": 1200.0,
            "max": 3400.0
        },
        {
            "current": 1201.463,
            "min": 1200.0,
            "max": 3400.0
        },
        {
            "current": 1293.093,
            "min": 1200.0,
            "max": 3400.0
        },
        {
            "current": 1198.526,
            "min": 1200.0,
            "max": 3400.0
        },
        {
            "current": 1314.896,
            "min": 1200.0,
            "max": 3400.0
        },
        {
            "current": 1435.653,
            "min": 1200.0,
            "max": 3400.0
        },
        {
            "current": 1238.946,
            "min": 1200.0,
            "max": 3400.0
        },
        {
            "current": 1198.258,
            "min": 1200.0,
            "max": 3400.0
        },
        {
            "current": 1197.804,
            "min": 1200.0,
            "max": 3400.0
        },
        {
            "current": 1198.464,
            "min": 1200.0,
            "max": 3400.0
        },
        {
            "current": 1322.956,
            "min": 1200.0,
            "max": 3400.0
        },
        {
            "current": 1197.698,
            "min": 1200.0,
            "max": 3400.0
        },
        {
            "current": 1197.852,
            "min": 1200.0,
            "max": 3400.0
        },
        {
            "current": 1198.478,
            "min": 1200.0,
            "max": 3400.0
        },
        {
            "current": 1198.033,
            "min": 1200.0,
            "max": 3400.0
        },
        {
            "current": 1197.384,
            "min": 1200.0,
            "max": 3400.0
        },
        {
            "current": 1197.919,
            "min": 1200.0,
            "max": 3400.0
        },
        {
            "current": 1198.488,
            "min": 1200.0,
            "max": 3400.0
        },
        {
            "current": 1784.183,
            "min": 1200.0,
            "max": 3400.0
        },
        {
            "current": 1198.021,
            "min": 1200.0,
            "max": 3400.0
        },
        {
            "current": 2165.749,
            "min": 1200.0,
            "max": 3400.0
        },
        {
            "current": 1197.565,
            "min": 1200.0,
            "max": 3400.0
        }
    ],
    "disk": {
        "/": {
            "total": 3666.450019836426,
            "used": 3122.166172027588
        }
    },
    "gpu": "NVIDIA GeForce GTX 1080 Ti",
    "gpu_count": 4,
    "memory": {
        "total": 62.79499816894531
    }
}
