{
    "os": "Linux-4.15.0-206-generic-x86_64-with-glibc2.29",
    "python": "3.8.10",
    "heartbeatAt": "2024-03-12T07:20:35.082285",
    "startedAt": "2024-03-12T07:20:29.792972",
    "docker": null,
    "cuda": null,
    "args": [
        "--gradient_accumulation_steps",
        "4",
        "--gradient_checkpointing",
        "--data_train_path",
        "/tf/sangnt162/eval_truncating.json",
        "--data_validation_path",
        "/tf/sangnt162/eval_truncating.json",
        "--local_files_or_path",
        "/tf/khangld1/gemma-2b/",
        "--do_eval",
        "--eval_steps",
        "25",
        "--evaluation_strategy",
        "steps",
        "--logging_train_steps",
        "4",
        "--save_strategy",
        "epoch",
        "--save_epochs",
        "4",
        "--save_steps",
        "25",
        "--max_length",
        "1024",
        "--padding",
        "max_length",
        "--seq2seq_or_causal",
        "causal",
        "--wandb"
    ],
    "state": "running",
    "program": "train_gemma_3.py",
    "codePathLocal": "train_gemma_3.py",
    "codePath": "train_gemma_3.py",
    "host": "a5f7ce7a9e79",
    "username": "root",
    "executable": "/tf/sangnt162/sang_fsdp/bin/python",
    "cpu_count": 20,
    "cpu_count_logical": 40,
    "cpu_freq": {
        "current": 1458.9510999999998,
        "min": 1200.0,
        "max": 3400.0
    },
    "cpu_freq_per_core": [
        {
            "current": 1197.806,
            "min": 1200.0,
            "max": 3400.0
        },
        {
            "current": 1226.829,
            "min": 1200.0,
            "max": 3400.0
        },
        {
            "current": 1199.278,
            "min": 1200.0,
            "max": 3400.0
        },
        {
            "current": 2135.561,
            "min": 1200.0,
            "max": 3400.0
        },
        {
            "current": 1200.216,
            "min": 1200.0,
            "max": 3400.0
        },
        {
            "current": 2400.574,
            "min": 1200.0,
            "max": 3400.0
        },
        {
            "current": 1460.829,
            "min": 1200.0,
            "max": 3400.0
        },
        {
            "current": 1201.959,
            "min": 1200.0,
            "max": 3400.0
        },
        {
            "current": 2082.359,
            "min": 1200.0,
            "max": 3400.0
        },
        {
            "current": 2014.625,
            "min": 1200.0,
            "max": 3400.0
        },
        {
            "current": 1200.46,
            "min": 1200.0,
            "max": 3400.0
        },
        {
            "current": 1201.075,
            "min": 1200.0,
            "max": 3400.0
        },
        {
            "current": 1198.441,
            "min": 1200.0,
            "max": 3400.0
        },
        {
            "current": 1199.288,
            "min": 1200.0,
            "max": 3400.0
        },
        {
            "current": 1199.744,
            "min": 1200.0,
            "max": 3400.0
        },
        {
            "current": 1200.155,
            "min": 1200.0,
            "max": 3400.0
        },
        {
            "current": 1200.413,
            "min": 1200.0,
            "max": 3400.0
        },
        {
            "current": 1199.713,
            "min": 1200.0,
            "max": 3400.0
        },
        {
            "current": 1535.664,
            "min": 1200.0,
            "max": 3400.0
        },
        {
            "current": 1200.397,
            "min": 1200.0,
            "max": 3400.0
        },
        {
            "current": 1197.602,
            "min": 1200.0,
            "max": 3400.0
        },
        {
            "current": 1242.653,
            "min": 1200.0,
            "max": 3400.0
        },
        {
            "current": 1197.806,
            "min": 1200.0,
            "max": 3400.0
        },
        {
            "current": 1671.117,
            "min": 1200.0,
            "max": 3400.0
        },
        {
            "current": 1198.332,
            "min": 1200.0,
            "max": 3400.0
        },
        {
            "current": 2148.481,
            "min": 1200.0,
            "max": 3400.0
        },
        {
            "current": 1409.514,
            "min": 1200.0,
            "max": 3400.0
        },
        {
            "current": 1197.583,
            "min": 1200.0,
            "max": 3400.0
        },
        {
            "current": 2036.481,
            "min": 1200.0,
            "max": 3400.0
        },
        {
            "current": 1535.506,
            "min": 1200.0,
            "max": 3400.0
        },
        {
            "current": 1197.766,
            "min": 1200.0,
            "max": 3400.0
        },
        {
            "current": 1197.595,
            "min": 1200.0,
            "max": 3400.0
        },
        {
            "current": 1198.959,
            "min": 1200.0,
            "max": 3400.0
        },
        {
            "current": 1199.125,
            "min": 1200.0,
            "max": 3400.0
        },
        {
            "current": 1396.827,
            "min": 1200.0,
            "max": 3400.0
        },
        {
            "current": 1197.597,
            "min": 1200.0,
            "max": 3400.0
        },
        {
            "current": 1198.822,
            "min": 1200.0,
            "max": 3400.0
        },
        {
            "current": 1198.666,
            "min": 1200.0,
            "max": 3400.0
        },
        {
            "current": 1357.262,
            "min": 1200.0,
            "max": 3400.0
        },
        {
            "current": 1198.202,
            "min": 1200.0,
            "max": 3400.0
        }
    ],
    "disk": {
        "/": {
            "total": 3666.450019836426,
            "used": 3122.184257507324
        }
    },
    "gpu": "NVIDIA GeForce GTX 1080 Ti",
    "gpu_count": 4,
    "memory": {
        "total": 62.79499816894531
    }
}
