{
    "os": "Linux-4.15.0-206-generic-x86_64-with-glibc2.29",
    "python": "3.8.10",
    "heartbeatAt": "2024-03-12T07:03:05.866871",
    "startedAt": "2024-03-12T07:03:05.574746",
    "docker": null,
    "cuda": null,
    "args": [
        "--gradient_accumulation_steps",
        "4",
        "--gradient_checkpointing",
        "--data_train_path",
        "/tf/sangnt162/eval_truncating.json",
        "--data_validation_path",
        "/tf/sangnt162/eval_truncating.json",
        "--local_files_or_path",
        "/tf/khangld1/gemma-2b/",
        "--do_eval",
        "--eval_steps",
        "25",
        "--evaluation_strategy",
        "steps",
        "--logging_train_steps",
        "4",
        "--save_strategy",
        "epoch",
        "--save_epochs",
        "4",
        "--save_steps",
        "25",
        "--max_length",
        "1024",
        "--padding",
        "max_length",
        "--seq2seq_or_causal",
        "causal",
        "--wandb"
    ],
    "state": "running",
    "program": "train_gemma_3.py",
    "codePathLocal": "train_gemma_3.py",
    "codePath": "train_gemma_3.py",
    "host": "a5f7ce7a9e79",
    "username": "root",
    "executable": "/tf/sangnt162/sang_fsdp/bin/python",
    "cpu_count": 20,
    "cpu_count_logical": 40,
    "cpu_freq": {
        "current": 1470.8915749999994,
        "min": 1200.0,
        "max": 3400.0
    },
    "cpu_freq_per_core": [
        {
            "current": 1197.714,
            "min": 1200.0,
            "max": 3400.0
        },
        {
            "current": 1197.694,
            "min": 1200.0,
            "max": 3400.0
        },
        {
            "current": 1200.72,
            "min": 1200.0,
            "max": 3400.0
        },
        {
            "current": 1201.7,
            "min": 1200.0,
            "max": 3400.0
        },
        {
            "current": 1197.939,
            "min": 1200.0,
            "max": 3400.0
        },
        {
            "current": 1201.502,
            "min": 1200.0,
            "max": 3400.0
        },
        {
            "current": 1533.391,
            "min": 1200.0,
            "max": 3400.0
        },
        {
            "current": 1200.606,
            "min": 1200.0,
            "max": 3400.0
        },
        {
            "current": 1296.261,
            "min": 1200.0,
            "max": 3400.0
        },
        {
            "current": 1787.02,
            "min": 1200.0,
            "max": 3400.0
        },
        {
            "current": 3146.676,
            "min": 1200.0,
            "max": 3400.0
        },
        {
            "current": 1399.8,
            "min": 1200.0,
            "max": 3400.0
        },
        {
            "current": 2394.709,
            "min": 1200.0,
            "max": 3400.0
        },
        {
            "current": 1200.364,
            "min": 1200.0,
            "max": 3400.0
        },
        {
            "current": 1300.053,
            "min": 1200.0,
            "max": 3400.0
        },
        {
            "current": 1199.98,
            "min": 1200.0,
            "max": 3400.0
        },
        {
            "current": 1878.672,
            "min": 1200.0,
            "max": 3400.0
        },
        {
            "current": 1395.04,
            "min": 1200.0,
            "max": 3400.0
        },
        {
            "current": 1199.143,
            "min": 1200.0,
            "max": 3400.0
        },
        {
            "current": 1199.215,
            "min": 1200.0,
            "max": 3400.0
        },
        {
            "current": 1197.166,
            "min": 1200.0,
            "max": 3400.0
        },
        {
            "current": 1200.067,
            "min": 1200.0,
            "max": 3400.0
        },
        {
            "current": 1198.768,
            "min": 1200.0,
            "max": 3400.0
        },
        {
            "current": 1197.694,
            "min": 1200.0,
            "max": 3400.0
        },
        {
            "current": 1198.465,
            "min": 1200.0,
            "max": 3400.0
        },
        {
            "current": 1197.635,
            "min": 1200.0,
            "max": 3400.0
        },
        {
            "current": 1443.707,
            "min": 1200.0,
            "max": 3400.0
        },
        {
            "current": 1197.953,
            "min": 1200.0,
            "max": 3400.0
        },
        {
            "current": 1401.112,
            "min": 1200.0,
            "max": 3400.0
        },
        {
            "current": 2058.136,
            "min": 1200.0,
            "max": 3400.0
        },
        {
            "current": 3195.82,
            "min": 1200.0,
            "max": 3400.0
        },
        {
            "current": 1397.893,
            "min": 1200.0,
            "max": 3400.0
        },
        {
            "current": 2398.261,
            "min": 1200.0,
            "max": 3400.0
        },
        {
            "current": 1198.219,
            "min": 1200.0,
            "max": 3400.0
        },
        {
            "current": 1288.144,
            "min": 1200.0,
            "max": 3400.0
        },
        {
            "current": 1198.805,
            "min": 1200.0,
            "max": 3400.0
        },
        {
            "current": 2237.368,
            "min": 1200.0,
            "max": 3400.0
        },
        {
            "current": 1381.54,
            "min": 1200.0,
            "max": 3400.0
        },
        {
            "current": 1198.556,
            "min": 1200.0,
            "max": 3400.0
        },
        {
            "current": 1198.908,
            "min": 1200.0,
            "max": 3400.0
        }
    ],
    "disk": {
        "/": {
            "total": 3666.450019836426,
            "used": 3122.182014465332
        }
    },
    "gpu": "NVIDIA GeForce GTX 1080 Ti",
    "gpu_count": 4,
    "memory": {
        "total": 62.79499816894531
    }
}
