{
    "os": "Linux-4.15.0-206-generic-x86_64-with-glibc2.29",
    "python": "3.8.10",
    "heartbeatAt": "2024-03-12T04:31:30.264124",
    "startedAt": "2024-03-12T04:31:29.936107",
    "docker": null,
    "cuda": null,
    "args": [
        "--gradient_accumulation_steps",
        "4",
        "--gradient_checkpointing",
        "--data_train_path",
        "/tf/sangnt162/eval_truncating.json",
        "--data_validation_path",
        "/tf/sangnt162/eval_truncating.json",
        "--local_files_or_path",
        "/tf/khangld1/gemma-2b/",
        "--do_eval",
        "--eval_steps",
        "25",
        "--evaluation_strategy",
        "steps",
        "--logging_train_steps",
        "4",
        "--save_strategy",
        "epoch",
        "--save_epochs",
        "4",
        "--save_steps",
        "25",
        "--max_length",
        "1024",
        "--padding",
        "max_length",
        "--seq2seq_or_causal",
        "causal",
        "--wandb"
    ],
    "state": "running",
    "program": "train_gemma_3.py",
    "codePathLocal": "train_gemma_3.py",
    "codePath": "train_gemma_3.py",
    "host": "a5f7ce7a9e79",
    "username": "root",
    "executable": "/tf/sangnt162/sang_fsdp/bin/python",
    "cpu_count": 20,
    "cpu_count_logical": 40,
    "cpu_freq": {
        "current": 1542.1584249999996,
        "min": 1200.0,
        "max": 3400.0
    },
    "cpu_freq_per_core": [
        {
            "current": 1197.835,
            "min": 1200.0,
            "max": 3400.0
        },
        {
            "current": 1197.848,
            "min": 1200.0,
            "max": 3400.0
        },
        {
            "current": 1442.027,
            "min": 1200.0,
            "max": 3400.0
        },
        {
            "current": 1494.989,
            "min": 1200.0,
            "max": 3400.0
        },
        {
            "current": 1401.874,
            "min": 1200.0,
            "max": 3400.0
        },
        {
            "current": 1201.556,
            "min": 1200.0,
            "max": 3400.0
        },
        {
            "current": 1410.609,
            "min": 1200.0,
            "max": 3400.0
        },
        {
            "current": 1293.927,
            "min": 1200.0,
            "max": 3400.0
        },
        {
            "current": 1668.356,
            "min": 1200.0,
            "max": 3400.0
        },
        {
            "current": 1537.8,
            "min": 1200.0,
            "max": 3400.0
        },
        {
            "current": 1298.394,
            "min": 1200.0,
            "max": 3400.0
        },
        {
            "current": 1198.559,
            "min": 1200.0,
            "max": 3400.0
        },
        {
            "current": 1480.415,
            "min": 1200.0,
            "max": 3400.0
        },
        {
            "current": 3326.05,
            "min": 1200.0,
            "max": 3400.0
        },
        {
            "current": 1200.047,
            "min": 1200.0,
            "max": 3400.0
        },
        {
            "current": 1199.037,
            "min": 1200.0,
            "max": 3400.0
        },
        {
            "current": 1476.071,
            "min": 1200.0,
            "max": 3400.0
        },
        {
            "current": 3330.463,
            "min": 1200.0,
            "max": 3400.0
        },
        {
            "current": 1199.314,
            "min": 1200.0,
            "max": 3400.0
        },
        {
            "current": 1290.671,
            "min": 1200.0,
            "max": 3400.0
        },
        {
            "current": 1197.608,
            "min": 1200.0,
            "max": 3400.0
        },
        {
            "current": 1198.223,
            "min": 1200.0,
            "max": 3400.0
        },
        {
            "current": 1238.069,
            "min": 1200.0,
            "max": 3400.0
        },
        {
            "current": 1496.101,
            "min": 1200.0,
            "max": 3400.0
        },
        {
            "current": 1261.287,
            "min": 1200.0,
            "max": 3400.0
        },
        {
            "current": 1197.752,
            "min": 1200.0,
            "max": 3400.0
        },
        {
            "current": 1384.576,
            "min": 1200.0,
            "max": 3400.0
        },
        {
            "current": 1267.267,
            "min": 1200.0,
            "max": 3400.0
        },
        {
            "current": 1614.598,
            "min": 1200.0,
            "max": 3400.0
        },
        {
            "current": 1410.363,
            "min": 1200.0,
            "max": 3400.0
        },
        {
            "current": 1272.34,
            "min": 1200.0,
            "max": 3400.0
        },
        {
            "current": 1197.813,
            "min": 1200.0,
            "max": 3400.0
        },
        {
            "current": 1473.261,
            "min": 1200.0,
            "max": 3400.0
        },
        {
            "current": 2894.545,
            "min": 1200.0,
            "max": 3400.0
        },
        {
            "current": 1197.424,
            "min": 1200.0,
            "max": 3400.0
        },
        {
            "current": 1198.314,
            "min": 1200.0,
            "max": 3400.0
        },
        {
            "current": 1321.892,
            "min": 1200.0,
            "max": 3400.0
        },
        {
            "current": 2915.012,
            "min": 1200.0,
            "max": 3400.0
        },
        {
            "current": 1197.9,
            "min": 1200.0,
            "max": 3400.0
        },
        {
            "current": 1282.713,
            "min": 1200.0,
            "max": 3400.0
        }
    ],
    "disk": {
        "/": {
            "total": 3666.450019836426,
            "used": 3122.1729621887207
        }
    },
    "gpu": "NVIDIA GeForce GTX 1080 Ti",
    "gpu_count": 4,
    "memory": {
        "total": 62.79499816894531
    }
}
