{
    "os": "Linux-4.15.0-206-generic-x86_64-with-glibc2.29",
    "python": "3.8.10",
    "heartbeatAt": "2024-03-12T06:54:52.714536",
    "startedAt": "2024-03-12T06:54:47.453407",
    "docker": null,
    "cuda": null,
    "args": [
        "--gradient_accumulation_steps",
        "4",
        "--gradient_checkpointing",
        "--data_train_path",
        "/tf/sangnt162/eval_truncating.json",
        "--data_validation_path",
        "/tf/sangnt162/eval_truncating.json",
        "--local_files_or_path",
        "/tf/khangld1/gemma-2b/",
        "--do_eval",
        "--eval_steps",
        "25",
        "--evaluation_strategy",
        "steps",
        "--logging_train_steps",
        "4",
        "--save_strategy",
        "epoch",
        "--save_epochs",
        "4",
        "--save_steps",
        "25",
        "--max_length",
        "1024",
        "--padding",
        "max_length",
        "--seq2seq_or_causal",
        "causal",
        "--wandb"
    ],
    "state": "running",
    "program": "train_gemma_3.py",
    "codePathLocal": "train_gemma_3.py",
    "codePath": "train_gemma_3.py",
    "host": "a5f7ce7a9e79",
    "username": "root",
    "executable": "/tf/sangnt162/sang_fsdp/bin/python",
    "cpu_count": 20,
    "cpu_count_logical": 40,
    "cpu_freq": {
        "current": 1300.6398750000003,
        "min": 1200.0,
        "max": 3400.0
    },
    "cpu_freq_per_core": [
        {
            "current": 1198.052,
            "min": 1200.0,
            "max": 3400.0
        },
        {
            "current": 1200.692,
            "min": 1200.0,
            "max": 3400.0
        },
        {
            "current": 1732.879,
            "min": 1200.0,
            "max": 3400.0
        },
        {
            "current": 1198.293,
            "min": 1200.0,
            "max": 3400.0
        },
        {
            "current": 1197.62,
            "min": 1200.0,
            "max": 3400.0
        },
        {
            "current": 1199.795,
            "min": 1200.0,
            "max": 3400.0
        },
        {
            "current": 1197.925,
            "min": 1200.0,
            "max": 3400.0
        },
        {
            "current": 1199.88,
            "min": 1200.0,
            "max": 3400.0
        },
        {
            "current": 1198.091,
            "min": 1200.0,
            "max": 3400.0
        },
        {
            "current": 1199.924,
            "min": 1200.0,
            "max": 3400.0
        },
        {
            "current": 1199.457,
            "min": 1200.0,
            "max": 3400.0
        },
        {
            "current": 1199.817,
            "min": 1200.0,
            "max": 3400.0
        },
        {
            "current": 1198.829,
            "min": 1200.0,
            "max": 3400.0
        },
        {
            "current": 1200.592,
            "min": 1200.0,
            "max": 3400.0
        },
        {
            "current": 1199.663,
            "min": 1200.0,
            "max": 3400.0
        },
        {
            "current": 1200.856,
            "min": 1200.0,
            "max": 3400.0
        },
        {
            "current": 1199.869,
            "min": 1200.0,
            "max": 3400.0
        },
        {
            "current": 1200.102,
            "min": 1200.0,
            "max": 3400.0
        },
        {
            "current": 1370.289,
            "min": 1200.0,
            "max": 3400.0
        },
        {
            "current": 1639.439,
            "min": 1200.0,
            "max": 3400.0
        },
        {
            "current": 1197.788,
            "min": 1200.0,
            "max": 3400.0
        },
        {
            "current": 1197.615,
            "min": 1200.0,
            "max": 3400.0
        },
        {
            "current": 1604.18,
            "min": 1200.0,
            "max": 3400.0
        },
        {
            "current": 1197.876,
            "min": 1200.0,
            "max": 3400.0
        },
        {
            "current": 1197.997,
            "min": 1200.0,
            "max": 3400.0
        },
        {
            "current": 1197.921,
            "min": 1200.0,
            "max": 3400.0
        },
        {
            "current": 1198.602,
            "min": 1200.0,
            "max": 3400.0
        },
        {
            "current": 1197.636,
            "min": 1200.0,
            "max": 3400.0
        },
        {
            "current": 1198.074,
            "min": 1200.0,
            "max": 3400.0
        },
        {
            "current": 1198.542,
            "min": 1200.0,
            "max": 3400.0
        },
        {
            "current": 1310.149,
            "min": 1200.0,
            "max": 3400.0
        },
        {
            "current": 1198.584,
            "min": 1200.0,
            "max": 3400.0
        },
        {
            "current": 1198.403,
            "min": 1200.0,
            "max": 3400.0
        },
        {
            "current": 1198.685,
            "min": 1200.0,
            "max": 3400.0
        },
        {
            "current": 1198.587,
            "min": 1200.0,
            "max": 3400.0
        },
        {
            "current": 1197.633,
            "min": 1200.0,
            "max": 3400.0
        },
        {
            "current": 1198.856,
            "min": 1200.0,
            "max": 3400.0
        },
        {
            "current": 1198.457,
            "min": 1200.0,
            "max": 3400.0
        },
        {
            "current": 1207.165,
            "min": 1200.0,
            "max": 3400.0
        },
        {
            "current": 1544.897,
            "min": 1200.0,
            "max": 3400.0
        }
    ],
    "disk": {
        "/": {
            "total": 3666.450019836426,
            "used": 3122.1800498962402
        }
    },
    "gpu": "NVIDIA GeForce GTX 1080 Ti",
    "gpu_count": 4,
    "memory": {
        "total": 62.79499816894531
    }
}
