{
    "os": "Linux-4.15.0-206-generic-x86_64-with-glibc2.29",
    "python": "3.8.10",
    "heartbeatAt": "2024-03-12T04:04:11.879511",
    "startedAt": "2024-03-12T04:04:06.551367",
    "docker": null,
    "cuda": null,
    "args": [
        "--gradient_accumulation_steps",
        "4",
        "--gradient_checkpointing",
        "--data_train_path",
        "/tf/sangnt162/eval_truncating.json",
        "--data_validation_path",
        "/tf/sangnt162/eval_truncating.json",
        "--local_files_or_path",
        "/tf/khangld1/gemma-2b/",
        "--do_eval",
        "--eval_steps",
        "25",
        "--evaluation_strategy",
        "steps",
        "--logging_train_steps",
        "4",
        "--save_strategy",
        "epoch",
        "--save_epochs",
        "4",
        "--save_steps",
        "25",
        "--max_length",
        "1024",
        "--padding",
        "max_length",
        "--seq2seq_or_causal",
        "causal",
        "--wandb"
    ],
    "state": "running",
    "program": "train_gemma_3.py",
    "codePathLocal": "train_gemma_3.py",
    "codePath": "train_gemma_3.py",
    "host": "a5f7ce7a9e79",
    "username": "root",
    "executable": "/tf/sangnt162/sang_fsdp/bin/python",
    "cpu_count": 20,
    "cpu_count_logical": 40,
    "cpu_freq": {
        "current": 1287.0040000000001,
        "min": 1200.0,
        "max": 3400.0
    },
    "cpu_freq_per_core": [
        {
            "current": 1197.9,
            "min": 1200.0,
            "max": 3400.0
        },
        {
            "current": 1199.205,
            "min": 1200.0,
            "max": 3400.0
        },
        {
            "current": 1200.444,
            "min": 1200.0,
            "max": 3400.0
        },
        {
            "current": 1200.559,
            "min": 1200.0,
            "max": 3400.0
        },
        {
            "current": 1199.095,
            "min": 1200.0,
            "max": 3400.0
        },
        {
            "current": 1200.759,
            "min": 1200.0,
            "max": 3400.0
        },
        {
            "current": 1354.346,
            "min": 1200.0,
            "max": 3400.0
        },
        {
            "current": 1200.007,
            "min": 1200.0,
            "max": 3400.0
        },
        {
            "current": 1199.904,
            "min": 1200.0,
            "max": 3400.0
        },
        {
            "current": 1201.175,
            "min": 1200.0,
            "max": 3400.0
        },
        {
            "current": 1200.524,
            "min": 1200.0,
            "max": 3400.0
        },
        {
            "current": 1201.179,
            "min": 1200.0,
            "max": 3400.0
        },
        {
            "current": 1199.794,
            "min": 1200.0,
            "max": 3400.0
        },
        {
            "current": 1439.035,
            "min": 1200.0,
            "max": 3400.0
        },
        {
            "current": 1199.919,
            "min": 1200.0,
            "max": 3400.0
        },
        {
            "current": 1199.837,
            "min": 1200.0,
            "max": 3400.0
        },
        {
            "current": 1197.796,
            "min": 1200.0,
            "max": 3400.0
        },
        {
            "current": 1459.092,
            "min": 1200.0,
            "max": 3400.0
        },
        {
            "current": 1197.634,
            "min": 1200.0,
            "max": 3400.0
        },
        {
            "current": 1197.691,
            "min": 1200.0,
            "max": 3400.0
        },
        {
            "current": 1197.744,
            "min": 1200.0,
            "max": 3400.0
        },
        {
            "current": 1198.811,
            "min": 1200.0,
            "max": 3400.0
        },
        {
            "current": 1197.499,
            "min": 1200.0,
            "max": 3400.0
        },
        {
            "current": 1198.547,
            "min": 1200.0,
            "max": 3400.0
        },
        {
            "current": 1197.491,
            "min": 1200.0,
            "max": 3400.0
        },
        {
            "current": 1197.695,
            "min": 1200.0,
            "max": 3400.0
        },
        {
            "current": 1666.453,
            "min": 1200.0,
            "max": 3400.0
        },
        {
            "current": 1198.22,
            "min": 1200.0,
            "max": 3400.0
        },
        {
            "current": 1198.191,
            "min": 1200.0,
            "max": 3400.0
        },
        {
            "current": 1197.83,
            "min": 1200.0,
            "max": 3400.0
        },
        {
            "current": 1198.364,
            "min": 1200.0,
            "max": 3400.0
        },
        {
            "current": 1197.366,
            "min": 1200.0,
            "max": 3400.0
        },
        {
            "current": 1197.45,
            "min": 1200.0,
            "max": 3400.0
        },
        {
            "current": 1536.369,
            "min": 1200.0,
            "max": 3400.0
        },
        {
            "current": 1198.614,
            "min": 1200.0,
            "max": 3400.0
        },
        {
            "current": 1198.438,
            "min": 1200.0,
            "max": 3400.0
        },
        {
            "current": 1198.794,
            "min": 1200.0,
            "max": 3400.0
        },
        {
            "current": 1484.325,
            "min": 1200.0,
            "max": 3400.0
        },
        {
            "current": 1198.811,
            "min": 1200.0,
            "max": 3400.0
        },
        {
            "current": 1198.737,
            "min": 1200.0,
            "max": 3400.0
        }
    ],
    "disk": {
        "/": {
            "total": 3666.450019836426,
            "used": 3122.1694831848145
        }
    },
    "gpu": "NVIDIA GeForce GTX 1080 Ti",
    "gpu_count": 4,
    "memory": {
        "total": 62.79499816894531
    }
}
