{
    "os": "Linux-4.15.0-206-generic-x86_64-with-glibc2.29",
    "python": "3.8.10",
    "heartbeatAt": "2024-03-11T06:56:56.484460",
    "startedAt": "2024-03-11T06:56:51.123069",
    "docker": null,
    "cuda": null,
    "args": [
        "--gradient_accumulation_steps",
        "4",
        "--gradient_checkpointing",
        "--data_train_path",
        "/tf/sangnt162/eval_truncating.json",
        "--data_validation_path",
        "/tf/sangnt162/eval_truncating.json",
        "--local_files_or_path",
        "/tf/khangld1/gemma-2b/",
        "--do_eval",
        "--eval_steps",
        "25",
        "--evaluation_strategy",
        "steps",
        "--logging_train_steps",
        "4",
        "--save_strategy",
        "epoch",
        "--save_epochs",
        "4",
        "--save_steps",
        "25",
        "--max_length",
        "2048",
        "--padding",
        "max_length",
        "--seq2seq_or_causal",
        "causal",
        "--wandb"
    ],
    "state": "running",
    "program": "train_gemma_2.py",
    "codePathLocal": "train_gemma_2.py",
    "codePath": "train_gemma_2.py",
    "host": "a5f7ce7a9e79",
    "username": "root",
    "executable": "/tf/sangnt162/sang_fsdp/bin/python",
    "cpu_count": 20,
    "cpu_count_logical": 40,
    "cpu_freq": {
        "current": 1330.6341249999998,
        "min": 1200.0,
        "max": 3400.0
    },
    "cpu_freq_per_core": [
        {
            "current": 1699.478,
            "min": 1200.0,
            "max": 3400.0
        },
        {
            "current": 1197.667,
            "min": 1200.0,
            "max": 3400.0
        },
        {
            "current": 1197.931,
            "min": 1200.0,
            "max": 3400.0
        },
        {
            "current": 1299.839,
            "min": 1200.0,
            "max": 3400.0
        },
        {
            "current": 1299.026,
            "min": 1200.0,
            "max": 3400.0
        },
        {
            "current": 1198.008,
            "min": 1200.0,
            "max": 3400.0
        },
        {
            "current": 1198.671,
            "min": 1200.0,
            "max": 3400.0
        },
        {
            "current": 1484.965,
            "min": 1200.0,
            "max": 3400.0
        },
        {
            "current": 1199.942,
            "min": 1200.0,
            "max": 3400.0
        },
        {
            "current": 1198.051,
            "min": 1200.0,
            "max": 3400.0
        },
        {
            "current": 1197.56,
            "min": 1200.0,
            "max": 3400.0
        },
        {
            "current": 1197.749,
            "min": 1200.0,
            "max": 3400.0
        },
        {
            "current": 2372.489,
            "min": 1200.0,
            "max": 3400.0
        },
        {
            "current": 1198.357,
            "min": 1200.0,
            "max": 3400.0
        },
        {
            "current": 1252.705,
            "min": 1200.0,
            "max": 3400.0
        },
        {
            "current": 2394.708,
            "min": 1200.0,
            "max": 3400.0
        },
        {
            "current": 1197.719,
            "min": 1200.0,
            "max": 3400.0
        },
        {
            "current": 1198.044,
            "min": 1200.0,
            "max": 3400.0
        },
        {
            "current": 1200.835,
            "min": 1200.0,
            "max": 3400.0
        },
        {
            "current": 2394.705,
            "min": 1200.0,
            "max": 3400.0
        },
        {
            "current": 1523.308,
            "min": 1200.0,
            "max": 3400.0
        },
        {
            "current": 1197.556,
            "min": 1200.0,
            "max": 3400.0
        },
        {
            "current": 1198.235,
            "min": 1200.0,
            "max": 3400.0
        },
        {
            "current": 1255.624,
            "min": 1200.0,
            "max": 3400.0
        },
        {
            "current": 1297.761,
            "min": 1200.0,
            "max": 3400.0
        },
        {
            "current": 1197.707,
            "min": 1200.0,
            "max": 3400.0
        },
        {
            "current": 1198.694,
            "min": 1200.0,
            "max": 3400.0
        },
        {
            "current": 1537.971,
            "min": 1200.0,
            "max": 3400.0
        },
        {
            "current": 1198.366,
            "min": 1200.0,
            "max": 3400.0
        },
        {
            "current": 1197.617,
            "min": 1200.0,
            "max": 3400.0
        },
        {
            "current": 1197.792,
            "min": 1200.0,
            "max": 3400.0
        },
        {
            "current": 1199.084,
            "min": 1200.0,
            "max": 3400.0
        },
        {
            "current": 2377.359,
            "min": 1200.0,
            "max": 3400.0
        },
        {
            "current": 1198.52,
            "min": 1200.0,
            "max": 3400.0
        },
        {
            "current": 1215.024,
            "min": 1200.0,
            "max": 3400.0
        },
        {
            "current": 2394.254,
            "min": 1200.0,
            "max": 3400.0
        },
        {
            "current": 1197.536,
            "min": 1200.0,
            "max": 3400.0
        },
        {
            "current": 1199.174,
            "min": 1200.0,
            "max": 3400.0
        },
        {
            "current": 1197.485,
            "min": 1200.0,
            "max": 3400.0
        },
        {
            "current": 2394.682,
            "min": 1200.0,
            "max": 3400.0
        }
    ],
    "disk": {
        "/": {
            "total": 3666.450019836426,
            "used": 3119.170970916748
        }
    },
    "gpu": "NVIDIA GeForce GTX 1080 Ti",
    "gpu_count": 4,
    "gpu_devices": [
        {
            "name": "NVIDIA GeForce GTX 1080 Ti",
            "memory_total": 11713052672
        },
        {
            "name": "NVIDIA GeForce GTX 1080 Ti",
            "memory_total": 11721506816
        },
        {
            "name": "NVIDIA GeForce GTX 1080 Ti",
            "memory_total": 11721506816
        },
        {
            "name": "NVIDIA GeForce GTX 1080 Ti",
            "memory_total": 11721506816
        }
    ],
    "memory": {
        "total": 62.79499816894531
    }
}
