{
    "os": "Linux-4.15.0-206-generic-x86_64-with-glibc2.29",
    "python": "3.8.10",
    "heartbeatAt": "2024-03-12T03:57:17.919051",
    "startedAt": "2024-03-12T03:57:12.608109",
    "docker": null,
    "cuda": null,
    "args": [
        "--gradient_accumulation_steps",
        "4",
        "--gradient_checkpointing",
        "--data_train_path",
        "/tf/sangnt162/eval_truncating.json",
        "--data_validation_path",
        "/tf/sangnt162/eval_truncating.json",
        "--local_files_or_path",
        "/tf/khangld1/gemma-2b/",
        "--do_eval",
        "--eval_steps",
        "25",
        "--evaluation_strategy",
        "steps",
        "--logging_train_steps",
        "4",
        "--save_strategy",
        "epoch",
        "--save_epochs",
        "4",
        "--save_steps",
        "25",
        "--max_length",
        "2048",
        "--padding",
        "max_length",
        "--seq2seq_or_causal",
        "causal",
        "--wandb"
    ],
    "state": "running",
    "program": "train_gemma_3.py",
    "codePathLocal": "train_gemma_3.py",
    "codePath": "train_gemma_3.py",
    "host": "a5f7ce7a9e79",
    "username": "root",
    "executable": "/tf/sangnt162/sang_fsdp/bin/python",
    "cpu_count": 20,
    "cpu_count_logical": 40,
    "cpu_freq": {
        "current": 1262.9637750000002,
        "min": 1200.0,
        "max": 3400.0
    },
    "cpu_freq_per_core": [
        {
            "current": 1197.525,
            "min": 1200.0,
            "max": 3400.0
        },
        {
            "current": 1214.666,
            "min": 1200.0,
            "max": 3400.0
        },
        {
            "current": 1200.861,
            "min": 1200.0,
            "max": 3400.0
        },
        {
            "current": 1686.455,
            "min": 1200.0,
            "max": 3400.0
        },
        {
            "current": 1198.511,
            "min": 1200.0,
            "max": 3400.0
        },
        {
            "current": 1197.363,
            "min": 1200.0,
            "max": 3400.0
        },
        {
            "current": 1199.949,
            "min": 1200.0,
            "max": 3400.0
        },
        {
            "current": 1200.073,
            "min": 1200.0,
            "max": 3400.0
        },
        {
            "current": 1200.647,
            "min": 1200.0,
            "max": 3400.0
        },
        {
            "current": 1200.953,
            "min": 1200.0,
            "max": 3400.0
        },
        {
            "current": 1358.957,
            "min": 1200.0,
            "max": 3400.0
        },
        {
            "current": 1200.078,
            "min": 1200.0,
            "max": 3400.0
        },
        {
            "current": 1198.09,
            "min": 1200.0,
            "max": 3400.0
        },
        {
            "current": 1444.666,
            "min": 1200.0,
            "max": 3400.0
        },
        {
            "current": 1197.835,
            "min": 1200.0,
            "max": 3400.0
        },
        {
            "current": 1301.721,
            "min": 1200.0,
            "max": 3400.0
        },
        {
            "current": 1197.36,
            "min": 1200.0,
            "max": 3400.0
        },
        {
            "current": 1199.942,
            "min": 1200.0,
            "max": 3400.0
        },
        {
            "current": 1399.98,
            "min": 1200.0,
            "max": 3400.0
        },
        {
            "current": 1199.871,
            "min": 1200.0,
            "max": 3400.0
        },
        {
            "current": 1197.545,
            "min": 1200.0,
            "max": 3400.0
        },
        {
            "current": 1243.356,
            "min": 1200.0,
            "max": 3400.0
        },
        {
            "current": 1197.415,
            "min": 1200.0,
            "max": 3400.0
        },
        {
            "current": 1500.549,
            "min": 1200.0,
            "max": 3400.0
        },
        {
            "current": 1197.83,
            "min": 1200.0,
            "max": 3400.0
        },
        {
            "current": 1197.29,
            "min": 1200.0,
            "max": 3400.0
        },
        {
            "current": 1198.311,
            "min": 1200.0,
            "max": 3400.0
        },
        {
            "current": 1198.191,
            "min": 1200.0,
            "max": 3400.0
        },
        {
            "current": 1197.855,
            "min": 1200.0,
            "max": 3400.0
        },
        {
            "current": 1197.646,
            "min": 1200.0,
            "max": 3400.0
        },
        {
            "current": 1286.492,
            "min": 1200.0,
            "max": 3400.0
        },
        {
            "current": 1198.257,
            "min": 1200.0,
            "max": 3400.0
        },
        {
            "current": 1197.354,
            "min": 1200.0,
            "max": 3400.0
        },
        {
            "current": 1425.553,
            "min": 1200.0,
            "max": 3400.0
        },
        {
            "current": 1197.675,
            "min": 1200.0,
            "max": 3400.0
        },
        {
            "current": 1287.306,
            "min": 1200.0,
            "max": 3400.0
        },
        {
            "current": 1194.068,
            "min": 1200.0,
            "max": 3400.0
        },
        {
            "current": 1197.919,
            "min": 1200.0,
            "max": 3400.0
        },
        {
            "current": 1307.97,
            "min": 1200.0,
            "max": 3400.0
        },
        {
            "current": 1198.199,
            "min": 1200.0,
            "max": 3400.0
        }
    ],
    "disk": {
        "/": {
            "total": 3666.450019836426,
            "used": 3122.164577484131
        }
    },
    "gpu": "NVIDIA GeForce GTX 1080 Ti",
    "gpu_count": 4,
    "memory": {
        "total": 62.79499816894531
    }
}
