{
    "os": "Linux-4.15.0-206-generic-x86_64-with-glibc2.29",
    "python": "3.8.10",
    "heartbeatAt": "2024-03-12T09:23:56.520701",
    "startedAt": "2024-03-12T09:23:51.257673",
    "docker": null,
    "cuda": null,
    "args": [
        "--gradient_accumulation_steps",
        "4",
        "--gradient_checkpointing",
        "--data_train_path",
        "/tf/sangnt162/eval_truncating.json",
        "--data_validation_path",
        "/tf/sangnt162/eval_truncating.json",
        "--local_files_or_path",
        "/tf/khangld1/gemma-2b/",
        "--do_eval",
        "--eval_steps",
        "25",
        "--evaluation_strategy",
        "steps",
        "--logging_train_steps",
        "4",
        "--save_strategy",
        "epoch",
        "--save_epochs",
        "4",
        "--save_steps",
        "25",
        "--max_length",
        "100",
        "--padding",
        "max_length",
        "--seq2seq_or_causal",
        "causal",
        "--wandb"
    ],
    "state": "running",
    "program": "train_gemma_2.py",
    "codePathLocal": "train_gemma_2.py",
    "codePath": "train_gemma_2.py",
    "host": "a5f7ce7a9e79",
    "username": "root",
    "executable": "/tf/sangnt162/sang_fsdp/bin/python",
    "cpu_count": 20,
    "cpu_count_logical": 40,
    "cpu_freq": {
        "current": 1270.4301750000002,
        "min": 1200.0,
        "max": 3400.0
    },
    "cpu_freq_per_core": [
        {
            "current": 1291.779,
            "min": 1200.0,
            "max": 3400.0
        },
        {
            "current": 1430.971,
            "min": 1200.0,
            "max": 3400.0
        },
        {
            "current": 1198.583,
            "min": 1200.0,
            "max": 3400.0
        },
        {
            "current": 1398.224,
            "min": 1200.0,
            "max": 3400.0
        },
        {
            "current": 1197.543,
            "min": 1200.0,
            "max": 3400.0
        },
        {
            "current": 2313.389,
            "min": 1200.0,
            "max": 3400.0
        },
        {
            "current": 1198.571,
            "min": 1200.0,
            "max": 3400.0
        },
        {
            "current": 1198.507,
            "min": 1200.0,
            "max": 3400.0
        },
        {
            "current": 1201.658,
            "min": 1200.0,
            "max": 3400.0
        },
        {
            "current": 1198.552,
            "min": 1200.0,
            "max": 3400.0
        },
        {
            "current": 1201.06,
            "min": 1200.0,
            "max": 3400.0
        },
        {
            "current": 1198.388,
            "min": 1200.0,
            "max": 3400.0
        },
        {
            "current": 1198.671,
            "min": 1200.0,
            "max": 3400.0
        },
        {
            "current": 1200.621,
            "min": 1200.0,
            "max": 3400.0
        },
        {
            "current": 1199.125,
            "min": 1200.0,
            "max": 3400.0
        },
        {
            "current": 1199.792,
            "min": 1200.0,
            "max": 3400.0
        },
        {
            "current": 1302.281,
            "min": 1200.0,
            "max": 3400.0
        },
        {
            "current": 1197.521,
            "min": 1200.0,
            "max": 3400.0
        },
        {
            "current": 1198.49,
            "min": 1200.0,
            "max": 3400.0
        },
        {
            "current": 1200.491,
            "min": 1200.0,
            "max": 3400.0
        },
        {
            "current": 1282.749,
            "min": 1200.0,
            "max": 3400.0
        },
        {
            "current": 1264.031,
            "min": 1200.0,
            "max": 3400.0
        },
        {
            "current": 1197.517,
            "min": 1200.0,
            "max": 3400.0
        },
        {
            "current": 1384.617,
            "min": 1200.0,
            "max": 3400.0
        },
        {
            "current": 1198.231,
            "min": 1200.0,
            "max": 3400.0
        },
        {
            "current": 2086.147,
            "min": 1200.0,
            "max": 3400.0
        },
        {
            "current": 1198.893,
            "min": 1200.0,
            "max": 3400.0
        },
        {
            "current": 1198.112,
            "min": 1200.0,
            "max": 3400.0
        },
        {
            "current": 1197.411,
            "min": 1200.0,
            "max": 3400.0
        },
        {
            "current": 1198.089,
            "min": 1200.0,
            "max": 3400.0
        },
        {
            "current": 1198.618,
            "min": 1200.0,
            "max": 3400.0
        },
        {
            "current": 1198.972,
            "min": 1200.0,
            "max": 3400.0
        },
        {
            "current": 1197.752,
            "min": 1200.0,
            "max": 3400.0
        },
        {
            "current": 1199.122,
            "min": 1200.0,
            "max": 3400.0
        },
        {
            "current": 1198.02,
            "min": 1200.0,
            "max": 3400.0
        },
        {
            "current": 1197.968,
            "min": 1200.0,
            "max": 3400.0
        },
        {
            "current": 1332.502,
            "min": 1200.0,
            "max": 3400.0
        },
        {
            "current": 1198.078,
            "min": 1200.0,
            "max": 3400.0
        },
        {
            "current": 1198.582,
            "min": 1200.0,
            "max": 3400.0
        },
        {
            "current": 1197.404,
            "min": 1200.0,
            "max": 3400.0
        }
    ],
    "disk": {
        "/": {
            "total": 3666.450019836426,
            "used": 3123.5595092773438
        }
    },
    "gpu": "NVIDIA GeForce GTX 1080 Ti",
    "gpu_count": 4,
    "memory": {
        "total": 62.79499816894531
    }
}
