{
    "os": "Linux-4.15.0-206-generic-x86_64-with-glibc2.29",
    "python": "3.8.10",
    "heartbeatAt": "2024-03-12T04:41:53.463156",
    "startedAt": "2024-03-12T04:41:48.169215",
    "docker": null,
    "cuda": null,
    "args": [
        "--gradient_accumulation_steps",
        "4",
        "--gradient_checkpointing",
        "--data_train_path",
        "/tf/sangnt162/eval_truncating.json",
        "--data_validation_path",
        "/tf/sangnt162/eval_truncating.json",
        "--local_files_or_path",
        "/tf/khangld1/gemma-2b/",
        "--do_eval",
        "--eval_steps",
        "25",
        "--evaluation_strategy",
        "steps",
        "--logging_train_steps",
        "4",
        "--save_strategy",
        "epoch",
        "--save_epochs",
        "4",
        "--save_steps",
        "25",
        "--max_length",
        "1024",
        "--padding",
        "max_length",
        "--seq2seq_or_causal",
        "causal",
        "--wandb"
    ],
    "state": "running",
    "program": "train_gemma_3.py",
    "codePathLocal": "train_gemma_3.py",
    "codePath": "train_gemma_3.py",
    "host": "a5f7ce7a9e79",
    "username": "root",
    "executable": "/tf/sangnt162/sang_fsdp/bin/python",
    "cpu_count": 20,
    "cpu_count_logical": 40,
    "cpu_freq": {
        "current": 1305.3756999999998,
        "min": 1200.0,
        "max": 3400.0
    },
    "cpu_freq_per_core": [
        {
            "current": 1197.771,
            "min": 1200.0,
            "max": 3400.0
        },
        {
            "current": 1198.092,
            "min": 1200.0,
            "max": 3400.0
        },
        {
            "current": 1199.726,
            "min": 1200.0,
            "max": 3400.0
        },
        {
            "current": 1199.966,
            "min": 1200.0,
            "max": 3400.0
        },
        {
            "current": 1198.002,
            "min": 1200.0,
            "max": 3400.0
        },
        {
            "current": 1214.253,
            "min": 1200.0,
            "max": 3400.0
        },
        {
            "current": 1199.369,
            "min": 1200.0,
            "max": 3400.0
        },
        {
            "current": 1199.909,
            "min": 1200.0,
            "max": 3400.0
        },
        {
            "current": 1197.658,
            "min": 1200.0,
            "max": 3400.0
        },
        {
            "current": 1198.465,
            "min": 1200.0,
            "max": 3400.0
        },
        {
            "current": 1198.401,
            "min": 1200.0,
            "max": 3400.0
        },
        {
            "current": 1200.201,
            "min": 1200.0,
            "max": 3400.0
        },
        {
            "current": 1198.666,
            "min": 1200.0,
            "max": 3400.0
        },
        {
            "current": 1696.922,
            "min": 1200.0,
            "max": 3400.0
        },
        {
            "current": 1199.928,
            "min": 1200.0,
            "max": 3400.0
        },
        {
            "current": 1200.017,
            "min": 1200.0,
            "max": 3400.0
        },
        {
            "current": 1328.72,
            "min": 1200.0,
            "max": 3400.0
        },
        {
            "current": 1537.865,
            "min": 1200.0,
            "max": 3400.0
        },
        {
            "current": 1201.411,
            "min": 1200.0,
            "max": 3400.0
        },
        {
            "current": 1200.016,
            "min": 1200.0,
            "max": 3400.0
        },
        {
            "current": 1199.125,
            "min": 1200.0,
            "max": 3400.0
        },
        {
            "current": 1198.965,
            "min": 1200.0,
            "max": 3400.0
        },
        {
            "current": 1198.024,
            "min": 1200.0,
            "max": 3400.0
        },
        {
            "current": 1198.542,
            "min": 1200.0,
            "max": 3400.0
        },
        {
            "current": 1197.576,
            "min": 1200.0,
            "max": 3400.0
        },
        {
            "current": 1198.77,
            "min": 1200.0,
            "max": 3400.0
        },
        {
            "current": 1198.639,
            "min": 1200.0,
            "max": 3400.0
        },
        {
            "current": 1198.411,
            "min": 1200.0,
            "max": 3400.0
        },
        {
            "current": 1198.095,
            "min": 1200.0,
            "max": 3400.0
        },
        {
            "current": 1199.233,
            "min": 1200.0,
            "max": 3400.0
        },
        {
            "current": 1199.015,
            "min": 1200.0,
            "max": 3400.0
        },
        {
            "current": 1198.096,
            "min": 1200.0,
            "max": 3400.0
        },
        {
            "current": 1198.703,
            "min": 1200.0,
            "max": 3400.0
        },
        {
            "current": 1696.739,
            "min": 1200.0,
            "max": 3400.0
        },
        {
            "current": 1198.096,
            "min": 1200.0,
            "max": 3400.0
        },
        {
            "current": 1197.98,
            "min": 1200.0,
            "max": 3400.0
        },
        {
            "current": 1615.42,
            "min": 1200.0,
            "max": 3400.0
        },
        {
            "current": 1414.723,
            "min": 1200.0,
            "max": 3400.0
        },
        {
            "current": 1197.693,
            "min": 1200.0,
            "max": 3400.0
        },
        {
            "current": 1198.696,
            "min": 1200.0,
            "max": 3400.0
        }
    ],
    "disk": {
        "/": {
            "total": 3666.450019836426,
            "used": 3122.1744422912598
        }
    },
    "gpu": "NVIDIA GeForce GTX 1080 Ti",
    "gpu_count": 4,
    "memory": {
        "total": 62.79499816894531
    }
}
