{
    "os": "Linux-4.15.0-206-generic-x86_64-with-glibc2.29",
    "python": "3.8.10",
    "heartbeatAt": "2024-03-12T07:11:33.420820",
    "startedAt": "2024-03-12T07:11:28.103852",
    "docker": null,
    "cuda": null,
    "args": [
        "--gradient_accumulation_steps",
        "4",
        "--gradient_checkpointing",
        "--data_train_path",
        "/tf/sangnt162/eval_truncating.json",
        "--data_validation_path",
        "/tf/sangnt162/eval_truncating.json",
        "--local_files_or_path",
        "/tf/khangld1/gemma-2b/",
        "--do_eval",
        "--eval_steps",
        "25",
        "--evaluation_strategy",
        "steps",
        "--logging_train_steps",
        "4",
        "--save_strategy",
        "epoch",
        "--save_epochs",
        "4",
        "--save_steps",
        "25",
        "--max_length",
        "1024",
        "--padding",
        "max_length",
        "--seq2seq_or_causal",
        "causal",
        "--wandb"
    ],
    "state": "running",
    "program": "train_gemma_3.py",
    "codePathLocal": "train_gemma_3.py",
    "codePath": "train_gemma_3.py",
    "host": "a5f7ce7a9e79",
    "username": "root",
    "executable": "/tf/sangnt162/sang_fsdp/bin/python",
    "cpu_count": 20,
    "cpu_count_logical": 40,
    "cpu_freq": {
        "current": 1263.0175,
        "min": 1200.0,
        "max": 3400.0
    },
    "cpu_freq_per_core": [
        {
            "current": 1289.729,
            "min": 1200.0,
            "max": 3400.0
        },
        {
            "current": 1199.909,
            "min": 1200.0,
            "max": 3400.0
        },
        {
            "current": 1198.437,
            "min": 1200.0,
            "max": 3400.0
        },
        {
            "current": 1446.467,
            "min": 1200.0,
            "max": 3400.0
        },
        {
            "current": 1197.737,
            "min": 1200.0,
            "max": 3400.0
        },
        {
            "current": 1200.116,
            "min": 1200.0,
            "max": 3400.0
        },
        {
            "current": 1198.58,
            "min": 1200.0,
            "max": 3400.0
        },
        {
            "current": 1200.789,
            "min": 1200.0,
            "max": 3400.0
        },
        {
            "current": 1200.703,
            "min": 1200.0,
            "max": 3400.0
        },
        {
            "current": 1200.708,
            "min": 1200.0,
            "max": 3400.0
        },
        {
            "current": 1201.712,
            "min": 1200.0,
            "max": 3400.0
        },
        {
            "current": 1358.496,
            "min": 1200.0,
            "max": 3400.0
        },
        {
            "current": 1198.288,
            "min": 1200.0,
            "max": 3400.0
        },
        {
            "current": 1200.129,
            "min": 1200.0,
            "max": 3400.0
        },
        {
            "current": 1199.953,
            "min": 1200.0,
            "max": 3400.0
        },
        {
            "current": 1200.16,
            "min": 1200.0,
            "max": 3400.0
        },
        {
            "current": 1199.881,
            "min": 1200.0,
            "max": 3400.0
        },
        {
            "current": 1486.327,
            "min": 1200.0,
            "max": 3400.0
        },
        {
            "current": 1199.492,
            "min": 1200.0,
            "max": 3400.0
        },
        {
            "current": 1197.634,
            "min": 1200.0,
            "max": 3400.0
        },
        {
            "current": 1254.505,
            "min": 1200.0,
            "max": 3400.0
        },
        {
            "current": 1197.913,
            "min": 1200.0,
            "max": 3400.0
        },
        {
            "current": 1198.513,
            "min": 1200.0,
            "max": 3400.0
        },
        {
            "current": 1557.658,
            "min": 1200.0,
            "max": 3400.0
        },
        {
            "current": 1198.234,
            "min": 1200.0,
            "max": 3400.0
        },
        {
            "current": 1198.532,
            "min": 1200.0,
            "max": 3400.0
        },
        {
            "current": 1197.648,
            "min": 1200.0,
            "max": 3400.0
        },
        {
            "current": 1197.542,
            "min": 1200.0,
            "max": 3400.0
        },
        {
            "current": 1197.771,
            "min": 1200.0,
            "max": 3400.0
        },
        {
            "current": 1197.544,
            "min": 1200.0,
            "max": 3400.0
        },
        {
            "current": 1197.596,
            "min": 1200.0,
            "max": 3400.0
        },
        {
            "current": 1257.337,
            "min": 1200.0,
            "max": 3400.0
        },
        {
            "current": 1198.343,
            "min": 1200.0,
            "max": 3400.0
        },
        {
            "current": 1198.481,
            "min": 1200.0,
            "max": 3400.0
        },
        {
            "current": 1198.541,
            "min": 1200.0,
            "max": 3400.0
        },
        {
            "current": 1198.137,
            "min": 1200.0,
            "max": 3400.0
        },
        {
            "current": 1198.424,
            "min": 1200.0,
            "max": 3400.0
        },
        {
            "current": 1420.611,
            "min": 1200.0,
            "max": 3400.0
        },
        {
            "current": 1198.962,
            "min": 1200.0,
            "max": 3400.0
        },
        {
            "current": 1198.67,
            "min": 1200.0,
            "max": 3400.0
        }
    ],
    "disk": {
        "/": {
            "total": 3666.450019836426,
            "used": 3122.1831970214844
        }
    },
    "gpu": "NVIDIA GeForce GTX 1080 Ti",
    "gpu_count": 4,
    "memory": {
        "total": 62.79499816894531
    }
}
