{
    "os": "Linux-4.15.0-206-generic-x86_64-with-glibc2.29",
    "python": "3.8.10",
    "heartbeatAt": "2024-03-12T06:55:13.157972",
    "startedAt": "2024-03-12T06:55:07.655127",
    "docker": null,
    "cuda": null,
    "args": [
        "--gradient_accumulation_steps",
        "4",
        "--gradient_checkpointing",
        "--data_train_path",
        "/tf/sangnt162/eval_truncating.json",
        "--data_validation_path",
        "/tf/sangnt162/eval_truncating.json",
        "--local_files_or_path",
        "/tf/khangld1/gemma-2b/",
        "--do_eval",
        "--eval_steps",
        "25",
        "--evaluation_strategy",
        "steps",
        "--logging_train_steps",
        "4",
        "--save_strategy",
        "epoch",
        "--save_epochs",
        "4",
        "--save_steps",
        "25",
        "--max_length",
        "1024",
        "--padding",
        "max_length",
        "--seq2seq_or_causal",
        "causal",
        "--wandb"
    ],
    "state": "running",
    "program": "train_gemma_3.py",
    "codePathLocal": "train_gemma_3.py",
    "codePath": "train_gemma_3.py",
    "host": "a5f7ce7a9e79",
    "username": "root",
    "executable": "/tf/sangnt162/sang_fsdp/bin/python",
    "cpu_count": 20,
    "cpu_count_logical": 40,
    "cpu_freq": {
        "current": 1444.7431250000002,
        "min": 1200.0,
        "max": 3400.0
    },
    "cpu_freq_per_core": [
        {
            "current": 1197.614,
            "min": 1200.0,
            "max": 3400.0
        },
        {
            "current": 1445.871,
            "min": 1200.0,
            "max": 3400.0
        },
        {
            "current": 1197.616,
            "min": 1200.0,
            "max": 3400.0
        },
        {
            "current": 1501.337,
            "min": 1200.0,
            "max": 3400.0
        },
        {
            "current": 2251.467,
            "min": 1200.0,
            "max": 3400.0
        },
        {
            "current": 1276.069,
            "min": 1200.0,
            "max": 3400.0
        },
        {
            "current": 1198.768,
            "min": 1200.0,
            "max": 3400.0
        },
        {
            "current": 1200.515,
            "min": 1200.0,
            "max": 3400.0
        },
        {
            "current": 1341.47,
            "min": 1200.0,
            "max": 3400.0
        },
        {
            "current": 1521.729,
            "min": 1200.0,
            "max": 3400.0
        },
        {
            "current": 3102.037,
            "min": 1200.0,
            "max": 3400.0
        },
        {
            "current": 1200.011,
            "min": 1200.0,
            "max": 3400.0
        },
        {
            "current": 1199.022,
            "min": 1200.0,
            "max": 3400.0
        },
        {
            "current": 1198.262,
            "min": 1200.0,
            "max": 3400.0
        },
        {
            "current": 1272.189,
            "min": 1200.0,
            "max": 3400.0
        },
        {
            "current": 1258.384,
            "min": 1200.0,
            "max": 3400.0
        },
        {
            "current": 2401.312,
            "min": 1200.0,
            "max": 3400.0
        },
        {
            "current": 1259.593,
            "min": 1200.0,
            "max": 3400.0
        },
        {
            "current": 2536.968,
            "min": 1200.0,
            "max": 3400.0
        },
        {
            "current": 1261.917,
            "min": 1200.0,
            "max": 3400.0
        },
        {
            "current": 1271.448,
            "min": 1200.0,
            "max": 3400.0
        },
        {
            "current": 1787.716,
            "min": 1200.0,
            "max": 3400.0
        },
        {
            "current": 1258.983,
            "min": 1200.0,
            "max": 3400.0
        },
        {
            "current": 2417.131,
            "min": 1200.0,
            "max": 3400.0
        },
        {
            "current": 2529.704,
            "min": 1200.0,
            "max": 3400.0
        },
        {
            "current": 1365.682,
            "min": 1200.0,
            "max": 3400.0
        },
        {
            "current": 1264.852,
            "min": 1200.0,
            "max": 3400.0
        },
        {
            "current": 1255.478,
            "min": 1200.0,
            "max": 3400.0
        },
        {
            "current": 1265.52,
            "min": 1200.0,
            "max": 3400.0
        },
        {
            "current": 1368.863,
            "min": 1200.0,
            "max": 3400.0
        },
        {
            "current": 3082.42,
            "min": 1200.0,
            "max": 3400.0
        },
        {
            "current": 1271.448,
            "min": 1200.0,
            "max": 3400.0
        },
        {
            "current": 1271.448,
            "min": 1200.0,
            "max": 3400.0
        },
        {
            "current": 1247.244,
            "min": 1200.0,
            "max": 3400.0
        },
        {
            "current": 1256.048,
            "min": 1200.0,
            "max": 3400.0
        },
        {
            "current": 1274.411,
            "min": 1200.0,
            "max": 3400.0
        },
        {
            "current": 2444.223,
            "min": 1200.0,
            "max": 3400.0
        },
        {
            "current": 1261.917,
            "min": 1200.0,
            "max": 3400.0
        },
        {
            "current": 2535.574,
            "min": 1200.0,
            "max": 3400.0
        },
        {
            "current": 2535.574,
            "min": 1200.0,
            "max": 3400.0
        }
    ],
    "disk": {
        "/": {
            "total": 3666.450019836426,
            "used": 3122.1804122924805
        }
    },
    "gpu": "NVIDIA GeForce GTX 1080 Ti",
    "gpu_count": 4,
    "memory": {
        "total": 62.79499816894531
    }
}
