{
    "os": "Linux-4.15.0-206-generic-x86_64-with-glibc2.29",
    "python": "3.8.10",
    "heartbeatAt": "2024-03-12T09:08:52.059965",
    "startedAt": "2024-03-12T09:08:51.535657",
    "docker": null,
    "cuda": null,
    "args": [
        "--gradient_accumulation_steps",
        "4",
        "--gradient_checkpointing",
        "--data_train_path",
        "/tf/sangnt162/eval_truncating.json",
        "--data_validation_path",
        "/tf/sangnt162/eval_truncating.json",
        "--local_files_or_path",
        "/tf/khangld1/gemma-2b/",
        "--do_eval",
        "--eval_steps",
        "25",
        "--evaluation_strategy",
        "steps",
        "--logging_train_steps",
        "4",
        "--save_strategy",
        "epoch",
        "--save_epochs",
        "4",
        "--save_steps",
        "25",
        "--max_length",
        "100",
        "--padding",
        "max_length",
        "--seq2seq_or_causal",
        "causal",
        "--wandb"
    ],
    "state": "running",
    "program": "train_gemma_2.py",
    "codePathLocal": "train_gemma_2.py",
    "codePath": "train_gemma_2.py",
    "host": "a5f7ce7a9e79",
    "username": "root",
    "executable": "/tf/sangnt162/sang_fsdp/bin/python",
    "cpu_count": 20,
    "cpu_count_logical": 40,
    "cpu_freq": {
        "current": 1486.1470000000004,
        "min": 1200.0,
        "max": 3400.0
    },
    "cpu_freq_per_core": [
        {
            "current": 1198.235,
            "min": 1200.0,
            "max": 3400.0
        },
        {
            "current": 1357.006,
            "min": 1200.0,
            "max": 3400.0
        },
        {
            "current": 1200.771,
            "min": 1200.0,
            "max": 3400.0
        },
        {
            "current": 1200.921,
            "min": 1200.0,
            "max": 3400.0
        },
        {
            "current": 2056.139,
            "min": 1200.0,
            "max": 3400.0
        },
        {
            "current": 2385.384,
            "min": 1200.0,
            "max": 3400.0
        },
        {
            "current": 2173.704,
            "min": 1200.0,
            "max": 3400.0
        },
        {
            "current": 1229.633,
            "min": 1200.0,
            "max": 3400.0
        },
        {
            "current": 1198.66,
            "min": 1200.0,
            "max": 3400.0
        },
        {
            "current": 1650.008,
            "min": 1200.0,
            "max": 3400.0
        },
        {
            "current": 1199.857,
            "min": 1200.0,
            "max": 3400.0
        },
        {
            "current": 1199.669,
            "min": 1200.0,
            "max": 3400.0
        },
        {
            "current": 1970.028,
            "min": 1200.0,
            "max": 3400.0
        },
        {
            "current": 1232.105,
            "min": 1200.0,
            "max": 3400.0
        },
        {
            "current": 1200.695,
            "min": 1200.0,
            "max": 3400.0
        },
        {
            "current": 1239.61,
            "min": 1200.0,
            "max": 3400.0
        },
        {
            "current": 1294.409,
            "min": 1200.0,
            "max": 3400.0
        },
        {
            "current": 1200.324,
            "min": 1200.0,
            "max": 3400.0
        },
        {
            "current": 1203.767,
            "min": 1200.0,
            "max": 3400.0
        },
        {
            "current": 1201.628,
            "min": 1200.0,
            "max": 3400.0
        },
        {
            "current": 1197.647,
            "min": 1200.0,
            "max": 3400.0
        },
        {
            "current": 1273.841,
            "min": 1200.0,
            "max": 3400.0
        },
        {
            "current": 1198.3,
            "min": 1200.0,
            "max": 3400.0
        },
        {
            "current": 1197.552,
            "min": 1200.0,
            "max": 3400.0
        },
        {
            "current": 2064.123,
            "min": 1200.0,
            "max": 3400.0
        },
        {
            "current": 2397.217,
            "min": 1200.0,
            "max": 3400.0
        },
        {
            "current": 2375.153,
            "min": 1200.0,
            "max": 3400.0
        },
        {
            "current": 1288.633,
            "min": 1200.0,
            "max": 3400.0
        },
        {
            "current": 1199.018,
            "min": 1200.0,
            "max": 3400.0
        },
        {
            "current": 2166.147,
            "min": 1200.0,
            "max": 3400.0
        },
        {
            "current": 1197.878,
            "min": 1200.0,
            "max": 3400.0
        },
        {
            "current": 1198.162,
            "min": 1200.0,
            "max": 3400.0
        },
        {
            "current": 1398.516,
            "min": 1200.0,
            "max": 3400.0
        },
        {
            "current": 1199.725,
            "min": 1200.0,
            "max": 3400.0
        },
        {
            "current": 1198.76,
            "min": 1200.0,
            "max": 3400.0
        },
        {
            "current": 1221.59,
            "min": 1200.0,
            "max": 3400.0
        },
        {
            "current": 1392.568,
            "min": 1200.0,
            "max": 3400.0
        },
        {
            "current": 1199.404,
            "min": 1200.0,
            "max": 3400.0
        },
        {
            "current": 1197.463,
            "min": 1200.0,
            "max": 3400.0
        },
        {
            "current": 1197.419,
            "min": 1200.0,
            "max": 3400.0
        }
    ],
    "disk": {
        "/": {
            "total": 3666.450019836426,
            "used": 3123.5556449890137
        }
    },
    "gpu": "NVIDIA GeForce GTX 1080 Ti",
    "gpu_count": 4,
    "memory": {
        "total": 62.79499816894531
    }
}
