{
    "os": "Linux-4.15.0-206-generic-x86_64-with-glibc2.29",
    "python": "3.8.10",
    "heartbeatAt": "2024-03-12T06:51:41.846877",
    "startedAt": "2024-03-12T06:51:36.528414",
    "docker": null,
    "cuda": null,
    "args": [
        "--gradient_accumulation_steps",
        "4",
        "--gradient_checkpointing",
        "--data_train_path",
        "/tf/sangnt162/eval_truncating.json",
        "--data_validation_path",
        "/tf/sangnt162/eval_truncating.json",
        "--local_files_or_path",
        "/tf/khangld1/gemma-2b/",
        "--do_eval",
        "--eval_steps",
        "25",
        "--evaluation_strategy",
        "steps",
        "--logging_train_steps",
        "4",
        "--save_strategy",
        "epoch",
        "--save_epochs",
        "4",
        "--save_steps",
        "25",
        "--max_length",
        "1024",
        "--padding",
        "max_length",
        "--seq2seq_or_causal",
        "causal",
        "--wandb"
    ],
    "state": "running",
    "program": "train_gemma_3.py",
    "codePathLocal": "train_gemma_3.py",
    "codePath": "train_gemma_3.py",
    "host": "a5f7ce7a9e79",
    "username": "root",
    "executable": "/tf/sangnt162/sang_fsdp/bin/python",
    "cpu_count": 20,
    "cpu_count_logical": 40,
    "cpu_freq": {
        "current": 1275.046475,
        "min": 1200.0,
        "max": 3400.0
    },
    "cpu_freq_per_core": [
        {
            "current": 1315.852,
            "min": 1200.0,
            "max": 3400.0
        },
        {
            "current": 1197.704,
            "min": 1200.0,
            "max": 3400.0
        },
        {
            "current": 1200.964,
            "min": 1200.0,
            "max": 3400.0
        },
        {
            "current": 1198.133,
            "min": 1200.0,
            "max": 3400.0
        },
        {
            "current": 1253.786,
            "min": 1200.0,
            "max": 3400.0
        },
        {
            "current": 1199.68,
            "min": 1200.0,
            "max": 3400.0
        },
        {
            "current": 1629.012,
            "min": 1200.0,
            "max": 3400.0
        },
        {
            "current": 1198.439,
            "min": 1200.0,
            "max": 3400.0
        },
        {
            "current": 1199.773,
            "min": 1200.0,
            "max": 3400.0
        },
        {
            "current": 1231.954,
            "min": 1200.0,
            "max": 3400.0
        },
        {
            "current": 1466.323,
            "min": 1200.0,
            "max": 3400.0
        },
        {
            "current": 1248.388,
            "min": 1200.0,
            "max": 3400.0
        },
        {
            "current": 1198.666,
            "min": 1200.0,
            "max": 3400.0
        },
        {
            "current": 1199.889,
            "min": 1200.0,
            "max": 3400.0
        },
        {
            "current": 1199.72,
            "min": 1200.0,
            "max": 3400.0
        },
        {
            "current": 1668.675,
            "min": 1200.0,
            "max": 3400.0
        },
        {
            "current": 1200.698,
            "min": 1200.0,
            "max": 3400.0
        },
        {
            "current": 1200.101,
            "min": 1200.0,
            "max": 3400.0
        },
        {
            "current": 1200.801,
            "min": 1200.0,
            "max": 3400.0
        },
        {
            "current": 1201.654,
            "min": 1200.0,
            "max": 3400.0
        },
        {
            "current": 2253.304,
            "min": 1200.0,
            "max": 3400.0
        },
        {
            "current": 1198.467,
            "min": 1200.0,
            "max": 3400.0
        },
        {
            "current": 1197.429,
            "min": 1200.0,
            "max": 3400.0
        },
        {
            "current": 1198.173,
            "min": 1200.0,
            "max": 3400.0
        },
        {
            "current": 1287.486,
            "min": 1200.0,
            "max": 3400.0
        },
        {
            "current": 1197.693,
            "min": 1200.0,
            "max": 3400.0
        },
        {
            "current": 1963.277,
            "min": 1200.0,
            "max": 3400.0
        },
        {
            "current": 1198.296,
            "min": 1200.0,
            "max": 3400.0
        },
        {
            "current": 1197.75,
            "min": 1200.0,
            "max": 3400.0
        },
        {
            "current": 1243.876,
            "min": 1200.0,
            "max": 3400.0
        },
        {
            "current": 1263.737,
            "min": 1200.0,
            "max": 3400.0
        },
        {
            "current": 1226.914,
            "min": 1200.0,
            "max": 3400.0
        },
        {
            "current": 1198.338,
            "min": 1200.0,
            "max": 3400.0
        },
        {
            "current": 1197.76,
            "min": 1200.0,
            "max": 3400.0
        },
        {
            "current": 1198.66,
            "min": 1200.0,
            "max": 3400.0
        },
        {
            "current": 1742.013,
            "min": 1200.0,
            "max": 3400.0
        },
        {
            "current": 1198.746,
            "min": 1200.0,
            "max": 3400.0
        },
        {
            "current": 1197.981,
            "min": 1200.0,
            "max": 3400.0
        },
        {
            "current": 1197.434,
            "min": 1200.0,
            "max": 3400.0
        },
        {
            "current": 1197.454,
            "min": 1200.0,
            "max": 3400.0
        }
    ],
    "disk": {
        "/": {
            "total": 3666.450019836426,
            "used": 3122.179546356201
        }
    },
    "gpu": "NVIDIA GeForce GTX 1080 Ti",
    "gpu_count": 4,
    "memory": {
        "total": 62.79499816894531
    }
}
