{
    "os": "Linux-4.15.0-206-generic-x86_64-with-glibc2.29",
    "python": "3.8.10",
    "heartbeatAt": "2024-03-11T06:33:27.208524",
    "startedAt": "2024-03-11T06:33:21.822122",
    "docker": null,
    "cuda": null,
    "args": [
        "--gradient_accumulation_steps",
        "4",
        "--gradient_checkpointing",
        "--data_train_path",
        "/tf/sangnt162/eval_truncating.json",
        "--data_validation_path",
        "/tf/sangnt162/eval_truncating.json",
        "--local_files_or_path",
        "/tf/khangld1/gemma-2b/",
        "--do_eval",
        "--eval_steps",
        "25",
        "--evaluation_strategy",
        "steps",
        "--logging_train_steps",
        "4",
        "--save_strategy",
        "epoch",
        "--save_epochs",
        "2",
        "--save_steps",
        "25",
        "--max_length",
        "128",
        "--padding",
        "max_length",
        "--seq2seq_or_causal",
        "causal",
        "--wandb"
    ],
    "state": "running",
    "program": "train_gemma_2.py",
    "codePathLocal": "train_gemma_2.py",
    "codePath": "train_gemma_2.py",
    "host": "a5f7ce7a9e79",
    "username": "root",
    "executable": "/tf/sangnt162/sang_fsdp/bin/python",
    "cpu_count": 20,
    "cpu_count_logical": 40,
    "cpu_freq": {
        "current": 1300.5024250000001,
        "min": 1200.0,
        "max": 3400.0
    },
    "cpu_freq_per_core": [
        {
            "current": 1197.641,
            "min": 1200.0,
            "max": 3400.0
        },
        {
            "current": 1198.303,
            "min": 1200.0,
            "max": 3400.0
        },
        {
            "current": 1199.647,
            "min": 1200.0,
            "max": 3400.0
        },
        {
            "current": 1200.518,
            "min": 1200.0,
            "max": 3400.0
        },
        {
            "current": 1199.545,
            "min": 1200.0,
            "max": 3400.0
        },
        {
            "current": 1199.611,
            "min": 1200.0,
            "max": 3400.0
        },
        {
            "current": 1199.939,
            "min": 1200.0,
            "max": 3400.0
        },
        {
            "current": 1199.998,
            "min": 1200.0,
            "max": 3400.0
        },
        {
            "current": 1199.72,
            "min": 1200.0,
            "max": 3400.0
        },
        {
            "current": 1200.088,
            "min": 1200.0,
            "max": 3400.0
        },
        {
            "current": 1201.261,
            "min": 1200.0,
            "max": 3400.0
        },
        {
            "current": 2394.708,
            "min": 1200.0,
            "max": 3400.0
        },
        {
            "current": 1199.236,
            "min": 1200.0,
            "max": 3400.0
        },
        {
            "current": 1508.294,
            "min": 1200.0,
            "max": 3400.0
        },
        {
            "current": 1261.989,
            "min": 1200.0,
            "max": 3400.0
        },
        {
            "current": 1200.387,
            "min": 1200.0,
            "max": 3400.0
        },
        {
            "current": 1200.84,
            "min": 1200.0,
            "max": 3400.0
        },
        {
            "current": 1199.726,
            "min": 1200.0,
            "max": 3400.0
        },
        {
            "current": 1527.066,
            "min": 1200.0,
            "max": 3400.0
        },
        {
            "current": 1197.528,
            "min": 1200.0,
            "max": 3400.0
        },
        {
            "current": 1198.634,
            "min": 1200.0,
            "max": 3400.0
        },
        {
            "current": 1198.005,
            "min": 1200.0,
            "max": 3400.0
        },
        {
            "current": 1198.639,
            "min": 1200.0,
            "max": 3400.0
        },
        {
            "current": 1197.497,
            "min": 1200.0,
            "max": 3400.0
        },
        {
            "current": 1197.853,
            "min": 1200.0,
            "max": 3400.0
        },
        {
            "current": 1197.911,
            "min": 1200.0,
            "max": 3400.0
        },
        {
            "current": 1198.208,
            "min": 1200.0,
            "max": 3400.0
        },
        {
            "current": 1197.853,
            "min": 1200.0,
            "max": 3400.0
        },
        {
            "current": 1198.188,
            "min": 1200.0,
            "max": 3400.0
        },
        {
            "current": 1198.352,
            "min": 1200.0,
            "max": 3400.0
        },
        {
            "current": 1197.547,
            "min": 1200.0,
            "max": 3400.0
        },
        {
            "current": 2399.474,
            "min": 1200.0,
            "max": 3400.0
        },
        {
            "current": 1197.595,
            "min": 1200.0,
            "max": 3400.0
        },
        {
            "current": 1435.683,
            "min": 1200.0,
            "max": 3400.0
        },
        {
            "current": 1439.098,
            "min": 1200.0,
            "max": 3400.0
        },
        {
            "current": 1197.4,
            "min": 1200.0,
            "max": 3400.0
        },
        {
            "current": 1197.417,
            "min": 1200.0,
            "max": 3400.0
        },
        {
            "current": 1198.139,
            "min": 1200.0,
            "max": 3400.0
        },
        {
            "current": 1538.877,
            "min": 1200.0,
            "max": 3400.0
        },
        {
            "current": 1198.866,
            "min": 1200.0,
            "max": 3400.0
        }
    ],
    "disk": {
        "/": {
            "total": 3666.450019836426,
            "used": 3132.095573425293
        }
    },
    "gpu": "NVIDIA GeForce GTX 1080 Ti",
    "gpu_count": 4,
    "gpu_devices": [
        {
            "name": "NVIDIA GeForce GTX 1080 Ti",
            "memory_total": 11713052672
        },
        {
            "name": "NVIDIA GeForce GTX 1080 Ti",
            "memory_total": 11721506816
        },
        {
            "name": "NVIDIA GeForce GTX 1080 Ti",
            "memory_total": 11721506816
        },
        {
            "name": "NVIDIA GeForce GTX 1080 Ti",
            "memory_total": 11721506816
        }
    ],
    "memory": {
        "total": 62.79499816894531
    }
}
