{
    "os": "Linux-4.15.0-206-generic-x86_64-with-glibc2.29",
    "python": "3.8.10",
    "heartbeatAt": "2024-03-12T08:35:26.778483",
    "startedAt": "2024-03-12T08:35:21.349204",
    "docker": null,
    "cuda": null,
    "args": [
        "--gradient_accumulation_steps",
        "4",
        "--gradient_checkpointing",
        "--data_train_path",
        "/tf/sangnt162/eval_truncating.json",
        "--data_validation_path",
        "/tf/sangnt162/eval_truncating.json",
        "--local_files_or_path",
        "/tf/khangld1/gemma-2b/",
        "--do_eval",
        "--eval_steps",
        "25",
        "--evaluation_strategy",
        "steps",
        "--logging_train_steps",
        "4",
        "--save_strategy",
        "epoch",
        "--save_epochs",
        "4",
        "--save_steps",
        "25",
        "--max_length",
        "100",
        "--padding",
        "max_length",
        "--seq2seq_or_causal",
        "causal",
        "--wandb"
    ],
    "state": "running",
    "program": "train_gemma_3.py",
    "codePathLocal": "train_gemma_3.py",
    "codePath": "train_gemma_3.py",
    "host": "a5f7ce7a9e79",
    "username": "root",
    "executable": "/tf/sangnt162/sang_fsdp/bin/python",
    "cpu_count": 20,
    "cpu_count_logical": 40,
    "cpu_freq": {
        "current": 1364.787025,
        "min": 1200.0,
        "max": 3400.0
    },
    "cpu_freq_per_core": [
        {
            "current": 1594.755,
            "min": 1200.0,
            "max": 3400.0
        },
        {
            "current": 1202.289,
            "min": 1200.0,
            "max": 3400.0
        },
        {
            "current": 1199.334,
            "min": 1200.0,
            "max": 3400.0
        },
        {
            "current": 1368.277,
            "min": 1200.0,
            "max": 3400.0
        },
        {
            "current": 1201.988,
            "min": 1200.0,
            "max": 3400.0
        },
        {
            "current": 1199.73,
            "min": 1200.0,
            "max": 3400.0
        },
        {
            "current": 1200.863,
            "min": 1200.0,
            "max": 3400.0
        },
        {
            "current": 2394.708,
            "min": 1200.0,
            "max": 3400.0
        },
        {
            "current": 1198.302,
            "min": 1200.0,
            "max": 3400.0
        },
        {
            "current": 1197.717,
            "min": 1200.0,
            "max": 3400.0
        },
        {
            "current": 1642.032,
            "min": 1200.0,
            "max": 3400.0
        },
        {
            "current": 1200.38,
            "min": 1200.0,
            "max": 3400.0
        },
        {
            "current": 1198.681,
            "min": 1200.0,
            "max": 3400.0
        },
        {
            "current": 1588.089,
            "min": 1200.0,
            "max": 3400.0
        },
        {
            "current": 1973.083,
            "min": 1200.0,
            "max": 3400.0
        },
        {
            "current": 1198.718,
            "min": 1200.0,
            "max": 3400.0
        },
        {
            "current": 1198.528,
            "min": 1200.0,
            "max": 3400.0
        },
        {
            "current": 1200.65,
            "min": 1200.0,
            "max": 3400.0
        },
        {
            "current": 2362.878,
            "min": 1200.0,
            "max": 3400.0
        },
        {
            "current": 1200.623,
            "min": 1200.0,
            "max": 3400.0
        },
        {
            "current": 1591.053,
            "min": 1200.0,
            "max": 3400.0
        },
        {
            "current": 1197.864,
            "min": 1200.0,
            "max": 3400.0
        },
        {
            "current": 1197.465,
            "min": 1200.0,
            "max": 3400.0
        },
        {
            "current": 1361.344,
            "min": 1200.0,
            "max": 3400.0
        },
        {
            "current": 1197.826,
            "min": 1200.0,
            "max": 3400.0
        },
        {
            "current": 1198.893,
            "min": 1200.0,
            "max": 3400.0
        },
        {
            "current": 1197.836,
            "min": 1200.0,
            "max": 3400.0
        },
        {
            "current": 2394.921,
            "min": 1200.0,
            "max": 3400.0
        },
        {
            "current": 1198.869,
            "min": 1200.0,
            "max": 3400.0
        },
        {
            "current": 1198.82,
            "min": 1200.0,
            "max": 3400.0
        },
        {
            "current": 1588.086,
            "min": 1200.0,
            "max": 3400.0
        },
        {
            "current": 1198.226,
            "min": 1200.0,
            "max": 3400.0
        },
        {
            "current": 1197.444,
            "min": 1200.0,
            "max": 3400.0
        },
        {
            "current": 1384.564,
            "min": 1200.0,
            "max": 3400.0
        },
        {
            "current": 2133.011,
            "min": 1200.0,
            "max": 3400.0
        },
        {
            "current": 1199.255,
            "min": 1200.0,
            "max": 3400.0
        },
        {
            "current": 1197.666,
            "min": 1200.0,
            "max": 3400.0
        },
        {
            "current": 1197.918,
            "min": 1200.0,
            "max": 3400.0
        },
        {
            "current": 1860.451,
            "min": 1200.0,
            "max": 3400.0
        },
        {
            "current": 1198.561,
            "min": 1200.0,
            "max": 3400.0
        }
    ],
    "disk": {
        "/": {
            "total": 3666.450019836426,
            "used": 3123.543628692627
        }
    },
    "gpu": "NVIDIA GeForce GTX 1080 Ti",
    "gpu_count": 4,
    "memory": {
        "total": 62.79499816894531
    }
}
