{
    "os": "Linux-4.15.0-206-generic-x86_64-with-glibc2.29",
    "python": "3.8.10",
    "heartbeatAt": "2024-03-12T09:00:29.934758",
    "startedAt": "2024-03-12T09:00:29.334869",
    "docker": null,
    "cuda": null,
    "args": [
        "--gradient_accumulation_steps",
        "4",
        "--gradient_checkpointing",
        "--data_train_path",
        "/tf/sangnt162/eval_truncating.json",
        "--data_validation_path",
        "/tf/sangnt162/eval_truncating.json",
        "--local_files_or_path",
        "/tf/khangld1/gemma-2b/",
        "--do_eval",
        "--eval_steps",
        "25",
        "--evaluation_strategy",
        "steps",
        "--logging_train_steps",
        "4",
        "--save_strategy",
        "epoch",
        "--save_epochs",
        "4",
        "--save_steps",
        "25",
        "--max_length",
        "100",
        "--padding",
        "max_length",
        "--seq2seq_or_causal",
        "causal",
        "--wandb"
    ],
    "state": "running",
    "program": "train_gemma_3.py",
    "codePathLocal": "train_gemma_3.py",
    "codePath": "train_gemma_3.py",
    "host": "a5f7ce7a9e79",
    "username": "root",
    "executable": "/tf/sangnt162/sang_fsdp/bin/python",
    "cpu_count": 20,
    "cpu_count_logical": 40,
    "cpu_freq": {
        "current": 1427.092,
        "min": 1200.0,
        "max": 3400.0
    },
    "cpu_freq_per_core": [
        {
            "current": 2061.187,
            "min": 1200.0,
            "max": 3400.0
        },
        {
            "current": 2391.862,
            "min": 1200.0,
            "max": 3400.0
        },
        {
            "current": 1279.383,
            "min": 1200.0,
            "max": 3400.0
        },
        {
            "current": 2226.07,
            "min": 1200.0,
            "max": 3400.0
        },
        {
            "current": 2715.177,
            "min": 1200.0,
            "max": 3400.0
        },
        {
            "current": 2001.521,
            "min": 1200.0,
            "max": 3400.0
        },
        {
            "current": 2230.927,
            "min": 1200.0,
            "max": 3400.0
        },
        {
            "current": 1197.353,
            "min": 1200.0,
            "max": 3400.0
        },
        {
            "current": 1199.928,
            "min": 1200.0,
            "max": 3400.0
        },
        {
            "current": 1200.415,
            "min": 1200.0,
            "max": 3400.0
        },
        {
            "current": 1201.223,
            "min": 1200.0,
            "max": 3400.0
        },
        {
            "current": 1202.107,
            "min": 1200.0,
            "max": 3400.0
        },
        {
            "current": 1564.051,
            "min": 1200.0,
            "max": 3400.0
        },
        {
            "current": 1979.448,
            "min": 1200.0,
            "max": 3400.0
        },
        {
            "current": 1200.575,
            "min": 1200.0,
            "max": 3400.0
        },
        {
            "current": 1200.6,
            "min": 1200.0,
            "max": 3400.0
        },
        {
            "current": 1384.881,
            "min": 1200.0,
            "max": 3400.0
        },
        {
            "current": 1989.161,
            "min": 1200.0,
            "max": 3400.0
        },
        {
            "current": 1200.427,
            "min": 1200.0,
            "max": 3400.0
        },
        {
            "current": 1198.185,
            "min": 1200.0,
            "max": 3400.0
        },
        {
            "current": 1821.092,
            "min": 1200.0,
            "max": 3400.0
        },
        {
            "current": 2382.212,
            "min": 1200.0,
            "max": 3400.0
        },
        {
            "current": 1295.186,
            "min": 1200.0,
            "max": 3400.0
        },
        {
            "current": 2240.91,
            "min": 1200.0,
            "max": 3400.0
        },
        {
            "current": 2525.631,
            "min": 1200.0,
            "max": 3400.0
        },
        {
            "current": 1605.594,
            "min": 1200.0,
            "max": 3400.0
        },
        {
            "current": 2117.232,
            "min": 1200.0,
            "max": 3400.0
        },
        {
            "current": 1197.365,
            "min": 1200.0,
            "max": 3400.0
        },
        {
            "current": 1197.861,
            "min": 1200.0,
            "max": 3400.0
        },
        {
            "current": 1198.604,
            "min": 1200.0,
            "max": 3400.0
        },
        {
            "current": 1197.54,
            "min": 1200.0,
            "max": 3400.0
        },
        {
            "current": 1197.356,
            "min": 1200.0,
            "max": 3400.0
        },
        {
            "current": 1423.151,
            "min": 1200.0,
            "max": 3400.0
        },
        {
            "current": 1394.437,
            "min": 1200.0,
            "max": 3400.0
        },
        {
            "current": 1198.148,
            "min": 1200.0,
            "max": 3400.0
        },
        {
            "current": 1197.23,
            "min": 1200.0,
            "max": 3400.0
        },
        {
            "current": 1339.381,
            "min": 1200.0,
            "max": 3400.0
        },
        {
            "current": 1435.385,
            "min": 1200.0,
            "max": 3400.0
        },
        {
            "current": 1198.827,
            "min": 1200.0,
            "max": 3400.0
        },
        {
            "current": 1198.041,
            "min": 1200.0,
            "max": 3400.0
        }
    ],
    "disk": {
        "/": {
            "total": 3666.450019836426,
            "used": 3123.551166534424
        }
    },
    "gpu": "NVIDIA GeForce GTX 1080 Ti",
    "gpu_count": 4,
    "memory": {
        "total": 62.79499816894531
    }
}
