{
    "os": "Linux-4.15.0-206-generic-x86_64-with-glibc2.29",
    "python": "3.8.10",
    "heartbeatAt": "2024-03-11T07:05:08.691121",
    "startedAt": "2024-03-11T07:05:03.317889",
    "docker": null,
    "cuda": null,
    "args": [
        "--gradient_accumulation_steps",
        "4",
        "--gradient_checkpointing",
        "--data_train_path",
        "/tf/sangnt162/eval_truncating.json",
        "--data_validation_path",
        "/tf/sangnt162/eval_truncating.json",
        "--local_files_or_path",
        "/tf/khangld1/gemma-2b/",
        "--do_eval",
        "--eval_steps",
        "25",
        "--evaluation_strategy",
        "steps",
        "--logging_train_steps",
        "4",
        "--save_strategy",
        "epoch",
        "--save_epochs",
        "4",
        "--save_steps",
        "25",
        "--max_length",
        "2048",
        "--padding",
        "max_length",
        "--seq2seq_or_causal",
        "causal",
        "--wandb"
    ],
    "state": "running",
    "program": "train_gemma_2.py",
    "codePathLocal": "train_gemma_2.py",
    "codePath": "train_gemma_2.py",
    "host": "a5f7ce7a9e79",
    "username": "root",
    "executable": "/tf/sangnt162/sang_fsdp/bin/python",
    "cpu_count": 20,
    "cpu_count_logical": 40,
    "cpu_freq": {
        "current": 1240.6652749999998,
        "min": 1200.0,
        "max": 3400.0
    },
    "cpu_freq_per_core": [
        {
            "current": 1197.82,
            "min": 1200.0,
            "max": 3400.0
        },
        {
            "current": 1201.405,
            "min": 1200.0,
            "max": 3400.0
        },
        {
            "current": 1200.877,
            "min": 1200.0,
            "max": 3400.0
        },
        {
            "current": 1313.855,
            "min": 1200.0,
            "max": 3400.0
        },
        {
            "current": 1374.928,
            "min": 1200.0,
            "max": 3400.0
        },
        {
            "current": 1198.496,
            "min": 1200.0,
            "max": 3400.0
        },
        {
            "current": 1200.756,
            "min": 1200.0,
            "max": 3400.0
        },
        {
            "current": 1197.728,
            "min": 1200.0,
            "max": 3400.0
        },
        {
            "current": 1200.134,
            "min": 1200.0,
            "max": 3400.0
        },
        {
            "current": 1201.653,
            "min": 1200.0,
            "max": 3400.0
        },
        {
            "current": 1341.633,
            "min": 1200.0,
            "max": 3400.0
        },
        {
            "current": 1200.041,
            "min": 1200.0,
            "max": 3400.0
        },
        {
            "current": 1198.556,
            "min": 1200.0,
            "max": 3400.0
        },
        {
            "current": 1200.271,
            "min": 1200.0,
            "max": 3400.0
        },
        {
            "current": 1199.34,
            "min": 1200.0,
            "max": 3400.0
        },
        {
            "current": 1199.684,
            "min": 1200.0,
            "max": 3400.0
        },
        {
            "current": 1198.885,
            "min": 1200.0,
            "max": 3400.0
        },
        {
            "current": 1201.083,
            "min": 1200.0,
            "max": 3400.0
        },
        {
            "current": 1500.362,
            "min": 1200.0,
            "max": 3400.0
        },
        {
            "current": 1199.903,
            "min": 1200.0,
            "max": 3400.0
        },
        {
            "current": 1197.408,
            "min": 1200.0,
            "max": 3400.0
        },
        {
            "current": 1197.496,
            "min": 1200.0,
            "max": 3400.0
        },
        {
            "current": 1197.337,
            "min": 1200.0,
            "max": 3400.0
        },
        {
            "current": 1293.373,
            "min": 1200.0,
            "max": 3400.0
        },
        {
            "current": 1432.825,
            "min": 1200.0,
            "max": 3400.0
        },
        {
            "current": 1197.433,
            "min": 1200.0,
            "max": 3400.0
        },
        {
            "current": 1197.525,
            "min": 1200.0,
            "max": 3400.0
        },
        {
            "current": 1198.464,
            "min": 1200.0,
            "max": 3400.0
        },
        {
            "current": 1198.193,
            "min": 1200.0,
            "max": 3400.0
        },
        {
            "current": 1197.454,
            "min": 1200.0,
            "max": 3400.0
        },
        {
            "current": 1711.857,
            "min": 1200.0,
            "max": 3400.0
        },
        {
            "current": 1198.309,
            "min": 1200.0,
            "max": 3400.0
        },
        {
            "current": 1198.078,
            "min": 1200.0,
            "max": 3400.0
        },
        {
            "current": 1198.476,
            "min": 1200.0,
            "max": 3400.0
        },
        {
            "current": 1197.578,
            "min": 1200.0,
            "max": 3400.0
        },
        {
            "current": 1198.307,
            "min": 1200.0,
            "max": 3400.0
        },
        {
            "current": 1198.356,
            "min": 1200.0,
            "max": 3400.0
        },
        {
            "current": 1197.42,
            "min": 1200.0,
            "max": 3400.0
        },
        {
            "current": 1357.609,
            "min": 1200.0,
            "max": 3400.0
        },
        {
            "current": 1198.637,
            "min": 1200.0,
            "max": 3400.0
        }
    ],
    "disk": {
        "/": {
            "total": 3666.450019836426,
            "used": 3119.1785621643066
        }
    },
    "gpu": "NVIDIA GeForce GTX 1080 Ti",
    "gpu_count": 4,
    "memory": {
        "total": 62.79499816894531
    }
}
