{
    "os": "Linux-4.15.0-206-generic-x86_64-with-glibc2.29",
    "python": "3.8.10",
    "heartbeatAt": "2024-03-12T08:35:26.733960",
    "startedAt": "2024-03-12T08:35:21.346131",
    "docker": null,
    "cuda": null,
    "args": [
        "--gradient_accumulation_steps",
        "4",
        "--gradient_checkpointing",
        "--data_train_path",
        "/tf/sangnt162/eval_truncating.json",
        "--data_validation_path",
        "/tf/sangnt162/eval_truncating.json",
        "--local_files_or_path",
        "/tf/khangld1/gemma-2b/",
        "--do_eval",
        "--eval_steps",
        "25",
        "--evaluation_strategy",
        "steps",
        "--logging_train_steps",
        "4",
        "--save_strategy",
        "epoch",
        "--save_epochs",
        "4",
        "--save_steps",
        "25",
        "--max_length",
        "100",
        "--padding",
        "max_length",
        "--seq2seq_or_causal",
        "causal",
        "--wandb"
    ],
    "state": "running",
    "program": "train_gemma_3.py",
    "codePathLocal": "train_gemma_3.py",
    "codePath": "train_gemma_3.py",
    "host": "a5f7ce7a9e79",
    "username": "root",
    "executable": "/tf/sangnt162/sang_fsdp/bin/python",
    "cpu_count": 20,
    "cpu_count_logical": 40,
    "cpu_freq": {
        "current": 1367.85255,
        "min": 1200.0,
        "max": 3400.0
    },
    "cpu_freq_per_core": [
        {
            "current": 1464.138,
            "min": 1200.0,
            "max": 3400.0
        },
        {
            "current": 1419.122,
            "min": 1200.0,
            "max": 3400.0
        },
        {
            "current": 1200.91,
            "min": 1200.0,
            "max": 3400.0
        },
        {
            "current": 1198.49,
            "min": 1200.0,
            "max": 3400.0
        },
        {
            "current": 1199.602,
            "min": 1200.0,
            "max": 3400.0
        },
        {
            "current": 1200.77,
            "min": 1200.0,
            "max": 3400.0
        },
        {
            "current": 1201.477,
            "min": 1200.0,
            "max": 3400.0
        },
        {
            "current": 2394.709,
            "min": 1200.0,
            "max": 3400.0
        },
        {
            "current": 1286.782,
            "min": 1200.0,
            "max": 3400.0
        },
        {
            "current": 1200.161,
            "min": 1200.0,
            "max": 3400.0
        },
        {
            "current": 1272.66,
            "min": 1200.0,
            "max": 3400.0
        },
        {
            "current": 1198.717,
            "min": 1200.0,
            "max": 3400.0
        },
        {
            "current": 1198.812,
            "min": 1200.0,
            "max": 3400.0
        },
        {
            "current": 1200.989,
            "min": 1200.0,
            "max": 3400.0
        },
        {
            "current": 1496.278,
            "min": 1200.0,
            "max": 3400.0
        },
        {
            "current": 1200.17,
            "min": 1200.0,
            "max": 3400.0
        },
        {
            "current": 1200.49,
            "min": 1200.0,
            "max": 3400.0
        },
        {
            "current": 1197.595,
            "min": 1200.0,
            "max": 3400.0
        },
        {
            "current": 1303.303,
            "min": 1200.0,
            "max": 3400.0
        },
        {
            "current": 1198.295,
            "min": 1200.0,
            "max": 3400.0
        },
        {
            "current": 1587.278,
            "min": 1200.0,
            "max": 3400.0
        },
        {
            "current": 1327.501,
            "min": 1200.0,
            "max": 3400.0
        },
        {
            "current": 1197.574,
            "min": 1200.0,
            "max": 3400.0
        },
        {
            "current": 1197.493,
            "min": 1200.0,
            "max": 3400.0
        },
        {
            "current": 1198.884,
            "min": 1200.0,
            "max": 3400.0
        },
        {
            "current": 1197.805,
            "min": 1200.0,
            "max": 3400.0
        },
        {
            "current": 1197.663,
            "min": 1200.0,
            "max": 3400.0
        },
        {
            "current": 2394.639,
            "min": 1200.0,
            "max": 3400.0
        },
        {
            "current": 1262.779,
            "min": 1200.0,
            "max": 3400.0
        },
        {
            "current": 1198.137,
            "min": 1200.0,
            "max": 3400.0
        },
        {
            "current": 1279.937,
            "min": 1200.0,
            "max": 3400.0
        },
        {
            "current": 1198.996,
            "min": 1200.0,
            "max": 3400.0
        },
        {
            "current": 1198.122,
            "min": 1200.0,
            "max": 3400.0
        },
        {
            "current": 1198.312,
            "min": 1200.0,
            "max": 3400.0
        },
        {
            "current": 1515.169,
            "min": 1200.0,
            "max": 3400.0
        },
        {
            "current": 1198.139,
            "min": 1200.0,
            "max": 3400.0
        },
        {
            "current": 1198.197,
            "min": 1200.0,
            "max": 3400.0
        },
        {
            "current": 1197.58,
            "min": 1200.0,
            "max": 3400.0
        },
        {
            "current": 1267.846,
            "min": 1200.0,
            "max": 3400.0
        },
        {
            "current": 1198.802,
            "min": 1200.0,
            "max": 3400.0
        }
    ],
    "disk": {
        "/": {
            "total": 3666.450019836426,
            "used": 3123.543586730957
        }
    },
    "gpu": "NVIDIA GeForce GTX 1080 Ti",
    "gpu_count": 4,
    "memory": {
        "total": 62.79499816894531
    }
}
