{
    "os": "Linux-4.15.0-206-generic-x86_64-with-glibc2.29",
    "python": "3.8.10",
    "heartbeatAt": "2024-03-08T09:53:25.233449",
    "startedAt": "2024-03-08T09:53:19.176690",
    "docker": null,
    "cuda": null,
    "args": [
        "--gradient_accumulation_steps",
        "4",
        "--gradient_checkpointing",
        "--data_train_path",
        "/tf/sangnt162/eval_truncating.json",
        "--data_validation_path",
        "/tf/sangnt162/eval_truncating.json",
        "--local_files_or_path",
        "/tf/khangld1/gemma-2b/",
        "--do_eval",
        "--eval_steps",
        "25",
        "--evaluation_strategy",
        "steps",
        "--logging_train_steps",
        "4",
        "--save_strategy",
        "epoch",
        "--save_steps",
        "25",
        "--max_length",
        "128",
        "--padding",
        "max_length",
        "--seq2seq_or_causal",
        "causal",
        "--wandb"
    ],
    "state": "running",
    "program": "train_gemma_2.py",
    "codePathLocal": "train_gemma_2.py",
    "codePath": "train_gemma_2.py",
    "host": "a5f7ce7a9e79",
    "username": "root",
    "executable": "/tf/sangnt162/sang_fsdp/bin/python",
    "cpu_count": 20,
    "cpu_count_logical": 40,
    "cpu_freq": {
        "current": 1711.6846250000006,
        "min": 1200.0,
        "max": 3400.0
    },
    "cpu_freq_per_core": [
        {
            "current": 3103.983,
            "min": 1200.0,
            "max": 3400.0
        },
        {
            "current": 1528.037,
            "min": 1200.0,
            "max": 3400.0
        },
        {
            "current": 1199.24,
            "min": 1200.0,
            "max": 3400.0
        },
        {
            "current": 1743.512,
            "min": 1200.0,
            "max": 3400.0
        },
        {
            "current": 1353.504,
            "min": 1200.0,
            "max": 3400.0
        },
        {
            "current": 1201.521,
            "min": 1200.0,
            "max": 3400.0
        },
        {
            "current": 3140.095,
            "min": 1200.0,
            "max": 3400.0
        },
        {
            "current": 1203.827,
            "min": 1200.0,
            "max": 3400.0
        },
        {
            "current": 1200.431,
            "min": 1200.0,
            "max": 3400.0
        },
        {
            "current": 1592.461,
            "min": 1200.0,
            "max": 3400.0
        },
        {
            "current": 3145.466,
            "min": 1200.0,
            "max": 3400.0
        },
        {
            "current": 1203.18,
            "min": 1200.0,
            "max": 3400.0
        },
        {
            "current": 3133.977,
            "min": 1200.0,
            "max": 3400.0
        },
        {
            "current": 1202.543,
            "min": 1200.0,
            "max": 3400.0
        },
        {
            "current": 1200.013,
            "min": 1200.0,
            "max": 3400.0
        },
        {
            "current": 1202.238,
            "min": 1200.0,
            "max": 3400.0
        },
        {
            "current": 1309.075,
            "min": 1200.0,
            "max": 3400.0
        },
        {
            "current": 1272.697,
            "min": 1200.0,
            "max": 3400.0
        },
        {
            "current": 1203.305,
            "min": 1200.0,
            "max": 3400.0
        },
        {
            "current": 1399.803,
            "min": 1200.0,
            "max": 3400.0
        },
        {
            "current": 3133.643,
            "min": 1200.0,
            "max": 3400.0
        },
        {
            "current": 1500.193,
            "min": 1200.0,
            "max": 3400.0
        },
        {
            "current": 1200.013,
            "min": 1200.0,
            "max": 3400.0
        },
        {
            "current": 1951.69,
            "min": 1200.0,
            "max": 3400.0
        },
        {
            "current": 1330.802,
            "min": 1200.0,
            "max": 3400.0
        },
        {
            "current": 1200.691,
            "min": 1200.0,
            "max": 3400.0
        },
        {
            "current": 2870.496,
            "min": 1200.0,
            "max": 3400.0
        },
        {
            "current": 1200.348,
            "min": 1200.0,
            "max": 3400.0
        },
        {
            "current": 1200.987,
            "min": 1200.0,
            "max": 3400.0
        },
        {
            "current": 1517.853,
            "min": 1200.0,
            "max": 3400.0
        },
        {
            "current": 3198.88,
            "min": 1200.0,
            "max": 3400.0
        },
        {
            "current": 1200.221,
            "min": 1200.0,
            "max": 3400.0
        },
        {
            "current": 2793.294,
            "min": 1200.0,
            "max": 3400.0
        },
        {
            "current": 1201.28,
            "min": 1200.0,
            "max": 3400.0
        },
        {
            "current": 1199.342,
            "min": 1200.0,
            "max": 3400.0
        },
        {
            "current": 1200.621,
            "min": 1200.0,
            "max": 3400.0
        },
        {
            "current": 1284.724,
            "min": 1200.0,
            "max": 3400.0
        },
        {
            "current": 1285.652,
            "min": 1200.0,
            "max": 3400.0
        },
        {
            "current": 1201.69,
            "min": 1200.0,
            "max": 3400.0
        },
        {
            "current": 1400.368,
            "min": 1200.0,
            "max": 3400.0
        }
    ],
    "disk": {
        "/": {
            "total": 3666.450019836426,
            "used": 3119.1712532043457
        }
    },
    "gpu": "NVIDIA GeForce GTX 1080 Ti",
    "gpu_count": 4,
    "memory": {
        "total": 62.79499816894531
    }
}
