{
    "os": "Linux-4.15.0-206-generic-x86_64-with-glibc2.29",
    "python": "3.8.10",
    "heartbeatAt": "2024-03-13T10:36:13.445481",
    "startedAt": "2024-03-13T10:36:08.129759",
    "docker": null,
    "cuda": null,
    "args": [
        "--gradient_accumulation_steps",
        "4",
        "--gradient_checkpointing",
        "--data_train_path",
        "/tf/sangnt162/eval_truncating.json",
        "--data_validation_path",
        "/tf/sangnt162/eval_truncating.json",
        "--local_files_or_path",
        "/tf/khangld1/gemma-2b/",
        "--do_eval",
        "--eval_steps",
        "25",
        "--evaluation_strategy",
        "steps",
        "--logging_train_steps",
        "4",
        "--save_strategy",
        "epoch",
        "--save_epochs",
        "4",
        "--save_steps",
        "25",
        "--max_length",
        "100",
        "--padding",
        "max_length",
        "--seq2seq_or_causal",
        "causal",
        "--wandb",
        "--flash_attention"
    ],
    "state": "running",
    "program": "train_gemma_3.py",
    "codePathLocal": "train_gemma_3.py",
    "codePath": "train_gemma_3.py",
    "host": "a5f7ce7a9e79",
    "username": "root",
    "executable": "/tf/sangnt162/sang_fsdp/bin/python",
    "cpu_count": 20,
    "cpu_count_logical": 40,
    "cpu_freq": {
        "current": 1444.02245,
        "min": 1200.0,
        "max": 3400.0
    },
    "cpu_freq_per_core": [
        {
            "current": 1198.003,
            "min": 1200.0,
            "max": 3400.0
        },
        {
            "current": 1781.235,
            "min": 1200.0,
            "max": 3400.0
        },
        {
            "current": 1198.206,
            "min": 1200.0,
            "max": 3400.0
        },
        {
            "current": 1753.841,
            "min": 1200.0,
            "max": 3400.0
        },
        {
            "current": 1695.483,
            "min": 1200.0,
            "max": 3400.0
        },
        {
            "current": 1198.256,
            "min": 1200.0,
            "max": 3400.0
        },
        {
            "current": 1201.185,
            "min": 1200.0,
            "max": 3400.0
        },
        {
            "current": 1256.67,
            "min": 1200.0,
            "max": 3400.0
        },
        {
            "current": 1765.441,
            "min": 1200.0,
            "max": 3400.0
        },
        {
            "current": 1202.369,
            "min": 1200.0,
            "max": 3400.0
        },
        {
            "current": 1201.717,
            "min": 1200.0,
            "max": 3400.0
        },
        {
            "current": 2349.259,
            "min": 1200.0,
            "max": 3400.0
        },
        {
            "current": 3250.26,
            "min": 1200.0,
            "max": 3400.0
        },
        {
            "current": 1198.825,
            "min": 1200.0,
            "max": 3400.0
        },
        {
            "current": 1197.873,
            "min": 1200.0,
            "max": 3400.0
        },
        {
            "current": 1381.344,
            "min": 1200.0,
            "max": 3400.0
        },
        {
            "current": 1198.693,
            "min": 1200.0,
            "max": 3400.0
        },
        {
            "current": 1200.299,
            "min": 1200.0,
            "max": 3400.0
        },
        {
            "current": 1198.38,
            "min": 1200.0,
            "max": 3400.0
        },
        {
            "current": 1286.741,
            "min": 1200.0,
            "max": 3400.0
        },
        {
            "current": 1197.638,
            "min": 1200.0,
            "max": 3400.0
        },
        {
            "current": 1955.857,
            "min": 1200.0,
            "max": 3400.0
        },
        {
            "current": 1197.737,
            "min": 1200.0,
            "max": 3400.0
        },
        {
            "current": 1523.891,
            "min": 1200.0,
            "max": 3400.0
        },
        {
            "current": 1620.409,
            "min": 1200.0,
            "max": 3400.0
        },
        {
            "current": 1197.645,
            "min": 1200.0,
            "max": 3400.0
        },
        {
            "current": 1197.46,
            "min": 1200.0,
            "max": 3400.0
        },
        {
            "current": 1214.058,
            "min": 1200.0,
            "max": 3400.0
        },
        {
            "current": 1622.432,
            "min": 1200.0,
            "max": 3400.0
        },
        {
            "current": 1197.62,
            "min": 1200.0,
            "max": 3400.0
        },
        {
            "current": 1197.951,
            "min": 1200.0,
            "max": 3400.0
        },
        {
            "current": 2049.347,
            "min": 1200.0,
            "max": 3400.0
        },
        {
            "current": 3080.942,
            "min": 1200.0,
            "max": 3400.0
        },
        {
            "current": 1197.725,
            "min": 1200.0,
            "max": 3400.0
        },
        {
            "current": 1197.349,
            "min": 1200.0,
            "max": 3400.0
        },
        {
            "current": 1393.605,
            "min": 1200.0,
            "max": 3400.0
        },
        {
            "current": 1197.41,
            "min": 1200.0,
            "max": 3400.0
        },
        {
            "current": 1198.358,
            "min": 1200.0,
            "max": 3400.0
        },
        {
            "current": 1199.233,
            "min": 1200.0,
            "max": 3400.0
        },
        {
            "current": 1287.186,
            "min": 1200.0,
            "max": 3400.0
        }
    ],
    "disk": {
        "/": {
            "total": 3666.450019836426,
            "used": 3066.8445930480957
        }
    },
    "gpu": "NVIDIA GeForce GTX 1080 Ti",
    "gpu_count": 4,
    "memory": {
        "total": 62.79499816894531
    }
}
