{
    "os": "Linux-4.15.0-206-generic-x86_64-with-glibc2.29",
    "python": "3.8.10",
    "heartbeatAt": "2024-03-12T06:47:53.773823",
    "startedAt": "2024-03-12T06:47:53.384715",
    "docker": null,
    "cuda": null,
    "args": [
        "--gradient_accumulation_steps",
        "4",
        "--gradient_checkpointing",
        "--data_train_path",
        "/tf/sangnt162/eval_truncating.json",
        "--data_validation_path",
        "/tf/sangnt162/eval_truncating.json",
        "--local_files_or_path",
        "/tf/khangld1/gemma-2b/",
        "--do_eval",
        "--eval_steps",
        "25",
        "--evaluation_strategy",
        "steps",
        "--logging_train_steps",
        "4",
        "--save_strategy",
        "epoch",
        "--save_epochs",
        "4",
        "--save_steps",
        "25",
        "--max_length",
        "1024",
        "--padding",
        "max_length",
        "--seq2seq_or_causal",
        "causal",
        "--wandb"
    ],
    "state": "running",
    "program": "train_gemma_3.py",
    "codePathLocal": "train_gemma_3.py",
    "codePath": "train_gemma_3.py",
    "host": "a5f7ce7a9e79",
    "username": "root",
    "executable": "/tf/sangnt162/sang_fsdp/bin/python",
    "cpu_count": 20,
    "cpu_count_logical": 40,
    "cpu_freq": {
        "current": 1466.797225,
        "min": 1200.0,
        "max": 3400.0
    },
    "cpu_freq_per_core": [
        {
            "current": 1605.155,
            "min": 1200.0,
            "max": 3400.0
        },
        {
            "current": 1197.826,
            "min": 1200.0,
            "max": 3400.0
        },
        {
            "current": 1293.527,
            "min": 1200.0,
            "max": 3400.0
        },
        {
            "current": 1200.714,
            "min": 1200.0,
            "max": 3400.0
        },
        {
            "current": 1856.273,
            "min": 1200.0,
            "max": 3400.0
        },
        {
            "current": 1400.105,
            "min": 1200.0,
            "max": 3400.0
        },
        {
            "current": 1200.483,
            "min": 1200.0,
            "max": 3400.0
        },
        {
            "current": 1201.981,
            "min": 1200.0,
            "max": 3400.0
        },
        {
            "current": 1200.531,
            "min": 1200.0,
            "max": 3400.0
        },
        {
            "current": 1282.446,
            "min": 1200.0,
            "max": 3400.0
        },
        {
            "current": 1200.041,
            "min": 1200.0,
            "max": 3400.0
        },
        {
            "current": 2388.894,
            "min": 1200.0,
            "max": 3400.0
        },
        {
            "current": 1395.489,
            "min": 1200.0,
            "max": 3400.0
        },
        {
            "current": 1197.522,
            "min": 1200.0,
            "max": 3400.0
        },
        {
            "current": 1200.537,
            "min": 1200.0,
            "max": 3400.0
        },
        {
            "current": 2243.127,
            "min": 1200.0,
            "max": 3400.0
        },
        {
            "current": 1250.019,
            "min": 1200.0,
            "max": 3400.0
        },
        {
            "current": 1200.089,
            "min": 1200.0,
            "max": 3400.0
        },
        {
            "current": 2850.724,
            "min": 1200.0,
            "max": 3400.0
        },
        {
            "current": 1199.966,
            "min": 1200.0,
            "max": 3400.0
        },
        {
            "current": 1628.352,
            "min": 1200.0,
            "max": 3400.0
        },
        {
            "current": 1197.595,
            "min": 1200.0,
            "max": 3400.0
        },
        {
            "current": 1281.498,
            "min": 1200.0,
            "max": 3400.0
        },
        {
            "current": 1197.927,
            "min": 1200.0,
            "max": 3400.0
        },
        {
            "current": 1563.388,
            "min": 1200.0,
            "max": 3400.0
        },
        {
            "current": 1312.974,
            "min": 1200.0,
            "max": 3400.0
        },
        {
            "current": 1198.446,
            "min": 1200.0,
            "max": 3400.0
        },
        {
            "current": 1197.561,
            "min": 1200.0,
            "max": 3400.0
        },
        {
            "current": 1198.306,
            "min": 1200.0,
            "max": 3400.0
        },
        {
            "current": 1254.783,
            "min": 1200.0,
            "max": 3400.0
        },
        {
            "current": 1197.972,
            "min": 1200.0,
            "max": 3400.0
        },
        {
            "current": 2394.707,
            "min": 1200.0,
            "max": 3400.0
        },
        {
            "current": 1387.256,
            "min": 1200.0,
            "max": 3400.0
        },
        {
            "current": 1198.911,
            "min": 1200.0,
            "max": 3400.0
        },
        {
            "current": 1198.038,
            "min": 1200.0,
            "max": 3400.0
        },
        {
            "current": 2324.917,
            "min": 1200.0,
            "max": 3400.0
        },
        {
            "current": 1288.225,
            "min": 1200.0,
            "max": 3400.0
        },
        {
            "current": 1197.418,
            "min": 1200.0,
            "max": 3400.0
        },
        {
            "current": 3286.288,
            "min": 1200.0,
            "max": 3400.0
        },
        {
            "current": 1197.775,
            "min": 1200.0,
            "max": 3400.0
        }
    ],
    "disk": {
        "/": {
            "total": 3666.450019836426,
            "used": 3122.179023742676
        }
    },
    "gpu": "NVIDIA GeForce GTX 1080 Ti",
    "gpu_count": 4,
    "memory": {
        "total": 62.79499816894531
    }
}
