{
    "os": "Linux-4.15.0-206-generic-x86_64-with-glibc2.29",
    "python": "3.8.10",
    "heartbeatAt": "2024-03-12T09:20:59.775675",
    "startedAt": "2024-03-12T09:20:54.437658",
    "docker": null,
    "cuda": null,
    "args": [
        "--gradient_accumulation_steps",
        "4",
        "--gradient_checkpointing",
        "--data_train_path",
        "/tf/sangnt162/eval_truncating.json",
        "--data_validation_path",
        "/tf/sangnt162/eval_truncating.json",
        "--local_files_or_path",
        "/tf/khangld1/gemma-2b/",
        "--do_eval",
        "--eval_steps",
        "25",
        "--evaluation_strategy",
        "steps",
        "--logging_train_steps",
        "4",
        "--save_strategy",
        "epoch",
        "--save_epochs",
        "4",
        "--save_steps",
        "25",
        "--max_length",
        "100",
        "--padding",
        "max_length",
        "--seq2seq_or_causal",
        "causal",
        "--wandb"
    ],
    "state": "running",
    "program": "train_gemma_2.py",
    "codePathLocal": "train_gemma_2.py",
    "codePath": "train_gemma_2.py",
    "host": "a5f7ce7a9e79",
    "username": "root",
    "executable": "/tf/sangnt162/sang_fsdp/bin/python",
    "cpu_count": 20,
    "cpu_count_logical": 40,
    "cpu_freq": {
        "current": 1288.9004,
        "min": 1200.0,
        "max": 3400.0
    },
    "cpu_freq_per_core": [
        {
            "current": 1496.673,
            "min": 1200.0,
            "max": 3400.0
        },
        {
            "current": 1200.897,
            "min": 1200.0,
            "max": 3400.0
        },
        {
            "current": 1505.473,
            "min": 1200.0,
            "max": 3400.0
        },
        {
            "current": 1198.425,
            "min": 1200.0,
            "max": 3400.0
        },
        {
            "current": 1199.981,
            "min": 1200.0,
            "max": 3400.0
        },
        {
            "current": 1913.938,
            "min": 1200.0,
            "max": 3400.0
        },
        {
            "current": 1199.943,
            "min": 1200.0,
            "max": 3400.0
        },
        {
            "current": 1202.561,
            "min": 1200.0,
            "max": 3400.0
        },
        {
            "current": 1200.326,
            "min": 1200.0,
            "max": 3400.0
        },
        {
            "current": 1200.33,
            "min": 1200.0,
            "max": 3400.0
        },
        {
            "current": 1200.394,
            "min": 1200.0,
            "max": 3400.0
        },
        {
            "current": 1245.502,
            "min": 1200.0,
            "max": 3400.0
        },
        {
            "current": 1198.637,
            "min": 1200.0,
            "max": 3400.0
        },
        {
            "current": 1200.606,
            "min": 1200.0,
            "max": 3400.0
        },
        {
            "current": 1200.242,
            "min": 1200.0,
            "max": 3400.0
        },
        {
            "current": 1200.49,
            "min": 1200.0,
            "max": 3400.0
        },
        {
            "current": 1199.497,
            "min": 1200.0,
            "max": 3400.0
        },
        {
            "current": 1200.346,
            "min": 1200.0,
            "max": 3400.0
        },
        {
            "current": 1199.904,
            "min": 1200.0,
            "max": 3400.0
        },
        {
            "current": 1201.876,
            "min": 1200.0,
            "max": 3400.0
        },
        {
            "current": 1536.716,
            "min": 1200.0,
            "max": 3400.0
        },
        {
            "current": 1197.439,
            "min": 1200.0,
            "max": 3400.0
        },
        {
            "current": 1361.007,
            "min": 1200.0,
            "max": 3400.0
        },
        {
            "current": 1198.227,
            "min": 1200.0,
            "max": 3400.0
        },
        {
            "current": 1197.867,
            "min": 1200.0,
            "max": 3400.0
        },
        {
            "current": 1865.671,
            "min": 1200.0,
            "max": 3400.0
        },
        {
            "current": 1197.981,
            "min": 1200.0,
            "max": 3400.0
        },
        {
            "current": 1197.431,
            "min": 1200.0,
            "max": 3400.0
        },
        {
            "current": 1198.536,
            "min": 1200.0,
            "max": 3400.0
        },
        {
            "current": 1197.502,
            "min": 1200.0,
            "max": 3400.0
        },
        {
            "current": 1197.904,
            "min": 1200.0,
            "max": 3400.0
        },
        {
            "current": 1201.976,
            "min": 1200.0,
            "max": 3400.0
        },
        {
            "current": 1198.291,
            "min": 1200.0,
            "max": 3400.0
        },
        {
            "current": 1198.13,
            "min": 1200.0,
            "max": 3400.0
        },
        {
            "current": 1198.136,
            "min": 1200.0,
            "max": 3400.0
        },
        {
            "current": 1198.474,
            "min": 1200.0,
            "max": 3400.0
        },
        {
            "current": 1198.309,
            "min": 1200.0,
            "max": 3400.0
        },
        {
            "current": 1198.179,
            "min": 1200.0,
            "max": 3400.0
        },
        {
            "current": 1198.022,
            "min": 1200.0,
            "max": 3400.0
        },
        {
            "current": 1197.47,
            "min": 1200.0,
            "max": 3400.0
        }
    ],
    "disk": {
        "/": {
            "total": 3666.450019836426,
            "used": 3123.5588874816895
        }
    },
    "gpu": "NVIDIA GeForce GTX 1080 Ti",
    "gpu_count": 4,
    "memory": {
        "total": 62.79499816894531
    }
}
