{
    "os": "Linux-4.15.0-206-generic-x86_64-with-glibc2.29",
    "python": "3.8.10",
    "heartbeatAt": "2024-03-12T08:28:09.612755",
    "startedAt": "2024-03-12T08:28:04.000024",
    "docker": null,
    "cuda": null,
    "args": [
        "--gradient_accumulation_steps",
        "4",
        "--gradient_checkpointing",
        "--data_train_path",
        "/tf/sangnt162/eval_truncating.json",
        "--data_validation_path",
        "/tf/sangnt162/eval_truncating.json",
        "--local_files_or_path",
        "/tf/khangld1/gemma-2b/",
        "--do_eval",
        "--eval_steps",
        "25",
        "--evaluation_strategy",
        "steps",
        "--logging_train_steps",
        "4",
        "--save_strategy",
        "epoch",
        "--save_epochs",
        "4",
        "--save_steps",
        "25",
        "--max_length",
        "1024",
        "--padding",
        "max_length",
        "--seq2seq_or_causal",
        "causal",
        "--wandb"
    ],
    "state": "running",
    "program": "train_gemma_3.py",
    "codePathLocal": "train_gemma_3.py",
    "codePath": "train_gemma_3.py",
    "host": "a5f7ce7a9e79",
    "username": "root",
    "executable": "/tf/sangnt162/sang_fsdp/bin/python",
    "cpu_count": 20,
    "cpu_count_logical": 40,
    "cpu_freq": {
        "current": 1405.6174499999993,
        "min": 1200.0,
        "max": 3400.0
    },
    "cpu_freq_per_core": [
        {
            "current": 1198.096,
            "min": 1200.0,
            "max": 3400.0
        },
        {
            "current": 1197.91,
            "min": 1200.0,
            "max": 3400.0
        },
        {
            "current": 1198.096,
            "min": 1200.0,
            "max": 3400.0
        },
        {
            "current": 1669.372,
            "min": 1200.0,
            "max": 3400.0
        },
        {
            "current": 1205.395,
            "min": 1200.0,
            "max": 3400.0
        },
        {
            "current": 1510.548,
            "min": 1200.0,
            "max": 3400.0
        },
        {
            "current": 1390.023,
            "min": 1200.0,
            "max": 3400.0
        },
        {
            "current": 1646.182,
            "min": 1200.0,
            "max": 3400.0
        },
        {
            "current": 1202.588,
            "min": 1200.0,
            "max": 3400.0
        },
        {
            "current": 1198.539,
            "min": 1200.0,
            "max": 3400.0
        },
        {
            "current": 1202.058,
            "min": 1200.0,
            "max": 3400.0
        },
        {
            "current": 1931.257,
            "min": 1200.0,
            "max": 3400.0
        },
        {
            "current": 1297.123,
            "min": 1200.0,
            "max": 3400.0
        },
        {
            "current": 1400.774,
            "min": 1200.0,
            "max": 3400.0
        },
        {
            "current": 1202.109,
            "min": 1200.0,
            "max": 3400.0
        },
        {
            "current": 1197.629,
            "min": 1200.0,
            "max": 3400.0
        },
        {
            "current": 1198.253,
            "min": 1200.0,
            "max": 3400.0
        },
        {
            "current": 1499.801,
            "min": 1200.0,
            "max": 3400.0
        },
        {
            "current": 2369.559,
            "min": 1200.0,
            "max": 3400.0
        },
        {
            "current": 1197.433,
            "min": 1200.0,
            "max": 3400.0
        },
        {
            "current": 1197.531,
            "min": 1200.0,
            "max": 3400.0
        },
        {
            "current": 1197.703,
            "min": 1200.0,
            "max": 3400.0
        },
        {
            "current": 1197.591,
            "min": 1200.0,
            "max": 3400.0
        },
        {
            "current": 2263.192,
            "min": 1200.0,
            "max": 3400.0
        },
        {
            "current": 1202.338,
            "min": 1200.0,
            "max": 3400.0
        },
        {
            "current": 1750.892,
            "min": 1200.0,
            "max": 3400.0
        },
        {
            "current": 1393.42,
            "min": 1200.0,
            "max": 3400.0
        },
        {
            "current": 1691.19,
            "min": 1200.0,
            "max": 3400.0
        },
        {
            "current": 1197.446,
            "min": 1200.0,
            "max": 3400.0
        },
        {
            "current": 1197.377,
            "min": 1200.0,
            "max": 3400.0
        },
        {
            "current": 1197.418,
            "min": 1200.0,
            "max": 3400.0
        },
        {
            "current": 2381.659,
            "min": 1200.0,
            "max": 3400.0
        },
        {
            "current": 1297.18,
            "min": 1200.0,
            "max": 3400.0
        },
        {
            "current": 1397.591,
            "min": 1200.0,
            "max": 3400.0
        },
        {
            "current": 1197.489,
            "min": 1200.0,
            "max": 3400.0
        },
        {
            "current": 1199.855,
            "min": 1200.0,
            "max": 3400.0
        },
        {
            "current": 1198.81,
            "min": 1200.0,
            "max": 3400.0
        },
        {
            "current": 1497.293,
            "min": 1200.0,
            "max": 3400.0
        },
        {
            "current": 2310.372,
            "min": 1200.0,
            "max": 3400.0
        },
        {
            "current": 1198.061,
            "min": 1200.0,
            "max": 3400.0
        }
    ],
    "disk": {
        "/": {
            "total": 3666.450019836426,
            "used": 3123.53328704834
        }
    },
    "gpu": "NVIDIA GeForce GTX 1080 Ti",
    "gpu_count": 4,
    "memory": {
        "total": 62.79499816894531
    }
}
