{
    "os": "Linux-4.15.0-206-generic-x86_64-with-glibc2.29",
    "python": "3.8.10",
    "heartbeatAt": "2024-03-12T08:35:26.834370",
    "startedAt": "2024-03-12T08:35:21.345498",
    "docker": null,
    "cuda": null,
    "args": [
        "--gradient_accumulation_steps",
        "4",
        "--gradient_checkpointing",
        "--data_train_path",
        "/tf/sangnt162/eval_truncating.json",
        "--data_validation_path",
        "/tf/sangnt162/eval_truncating.json",
        "--local_files_or_path",
        "/tf/khangld1/gemma-2b/",
        "--do_eval",
        "--eval_steps",
        "25",
        "--evaluation_strategy",
        "steps",
        "--logging_train_steps",
        "4",
        "--save_strategy",
        "epoch",
        "--save_epochs",
        "4",
        "--save_steps",
        "25",
        "--max_length",
        "100",
        "--padding",
        "max_length",
        "--seq2seq_or_causal",
        "causal",
        "--wandb"
    ],
    "state": "running",
    "program": "train_gemma_3.py",
    "codePathLocal": "train_gemma_3.py",
    "codePath": "train_gemma_3.py",
    "host": "a5f7ce7a9e79",
    "username": "root",
    "executable": "/tf/sangnt162/sang_fsdp/bin/python",
    "cpu_count": 20,
    "cpu_count_logical": 40,
    "cpu_freq": {
        "current": 1451.435375,
        "min": 1200.0,
        "max": 3400.0
    },
    "cpu_freq_per_core": [
        {
            "current": 1957.33,
            "min": 1200.0,
            "max": 3400.0
        },
        {
            "current": 1894.775,
            "min": 1200.0,
            "max": 3400.0
        },
        {
            "current": 2008.615,
            "min": 1200.0,
            "max": 3400.0
        },
        {
            "current": 1198.85,
            "min": 1200.0,
            "max": 3400.0
        },
        {
            "current": 1198.334,
            "min": 1200.0,
            "max": 3400.0
        },
        {
            "current": 1198.801,
            "min": 1200.0,
            "max": 3400.0
        },
        {
            "current": 1263.493,
            "min": 1200.0,
            "max": 3400.0
        },
        {
            "current": 2096.521,
            "min": 1200.0,
            "max": 3400.0
        },
        {
            "current": 1430.895,
            "min": 1200.0,
            "max": 3400.0
        },
        {
            "current": 1202.272,
            "min": 1200.0,
            "max": 3400.0
        },
        {
            "current": 1197.376,
            "min": 1200.0,
            "max": 3400.0
        },
        {
            "current": 1197.383,
            "min": 1200.0,
            "max": 3400.0
        },
        {
            "current": 1813.932,
            "min": 1200.0,
            "max": 3400.0
        },
        {
            "current": 1197.833,
            "min": 1200.0,
            "max": 3400.0
        },
        {
            "current": 1397.403,
            "min": 1200.0,
            "max": 3400.0
        },
        {
            "current": 1850.471,
            "min": 1200.0,
            "max": 3400.0
        },
        {
            "current": 1589.188,
            "min": 1200.0,
            "max": 3400.0
        },
        {
            "current": 1780.502,
            "min": 1200.0,
            "max": 3400.0
        },
        {
            "current": 1318.403,
            "min": 1200.0,
            "max": 3400.0
        },
        {
            "current": 2336.407,
            "min": 1200.0,
            "max": 3400.0
        },
        {
            "current": 2395.046,
            "min": 1200.0,
            "max": 3400.0
        },
        {
            "current": 1895.523,
            "min": 1200.0,
            "max": 3400.0
        },
        {
            "current": 2001.205,
            "min": 1200.0,
            "max": 3400.0
        },
        {
            "current": 1197.342,
            "min": 1200.0,
            "max": 3400.0
        },
        {
            "current": 1197.371,
            "min": 1200.0,
            "max": 3400.0
        },
        {
            "current": 1197.4,
            "min": 1200.0,
            "max": 3400.0
        },
        {
            "current": 1389.734,
            "min": 1200.0,
            "max": 3400.0
        },
        {
            "current": 2095.445,
            "min": 1200.0,
            "max": 3400.0
        },
        {
            "current": 1383.778,
            "min": 1200.0,
            "max": 3400.0
        },
        {
            "current": 1197.378,
            "min": 1200.0,
            "max": 3400.0
        },
        {
            "current": 1197.368,
            "min": 1200.0,
            "max": 3400.0
        },
        {
            "current": 1197.36,
            "min": 1200.0,
            "max": 3400.0
        },
        {
            "current": 2271.14,
            "min": 1200.0,
            "max": 3400.0
        },
        {
            "current": 1198.758,
            "min": 1200.0,
            "max": 3400.0
        },
        {
            "current": 1397.717,
            "min": 1200.0,
            "max": 3400.0
        },
        {
            "current": 2213.85,
            "min": 1200.0,
            "max": 3400.0
        },
        {
            "current": 1471.987,
            "min": 1200.0,
            "max": 3400.0
        },
        {
            "current": 1799.624,
            "min": 1200.0,
            "max": 3400.0
        },
        {
            "current": 1377.596,
            "min": 1200.0,
            "max": 3400.0
        },
        {
            "current": 1720.213,
            "min": 1200.0,
            "max": 3400.0
        }
    ],
    "disk": {
        "/": {
            "total": 3666.450019836426,
            "used": 3123.5437393188477
        }
    },
    "gpu": "NVIDIA GeForce GTX 1080 Ti",
    "gpu_count": 4,
    "memory": {
        "total": 62.79499816894531
    }
}
