{
    "os": "Linux-4.15.0-206-generic-x86_64-with-glibc2.29",
    "python": "3.8.10",
    "heartbeatAt": "2024-03-12T06:35:33.383162",
    "startedAt": "2024-03-12T06:35:33.049640",
    "docker": null,
    "cuda": null,
    "args": [
        "--gradient_accumulation_steps",
        "4",
        "--gradient_checkpointing",
        "--data_train_path",
        "/tf/sangnt162/eval_truncating.json",
        "--data_validation_path",
        "/tf/sangnt162/eval_truncating.json",
        "--local_files_or_path",
        "/tf/khangld1/gemma-2b/",
        "--do_eval",
        "--eval_steps",
        "25",
        "--evaluation_strategy",
        "steps",
        "--logging_train_steps",
        "4",
        "--save_strategy",
        "epoch",
        "--save_epochs",
        "4",
        "--save_steps",
        "25",
        "--max_length",
        "1024",
        "--padding",
        "max_length",
        "--seq2seq_or_causal",
        "causal",
        "--wandb"
    ],
    "state": "running",
    "program": "train_gemma_3.py",
    "codePathLocal": "train_gemma_3.py",
    "codePath": "train_gemma_3.py",
    "host": "a5f7ce7a9e79",
    "username": "root",
    "executable": "/tf/sangnt162/sang_fsdp/bin/python",
    "cpu_count": 20,
    "cpu_count_logical": 40,
    "cpu_freq": {
        "current": 1467.3154749999999,
        "min": 1200.0,
        "max": 3400.0
    },
    "cpu_freq_per_core": [
        {
            "current": 1210.158,
            "min": 1200.0,
            "max": 3400.0
        },
        {
            "current": 1198.162,
            "min": 1200.0,
            "max": 3400.0
        },
        {
            "current": 1202.828,
            "min": 1200.0,
            "max": 3400.0
        },
        {
            "current": 1198.418,
            "min": 1200.0,
            "max": 3400.0
        },
        {
            "current": 1406.773,
            "min": 1200.0,
            "max": 3400.0
        },
        {
            "current": 1201.849,
            "min": 1200.0,
            "max": 3400.0
        },
        {
            "current": 1200.495,
            "min": 1200.0,
            "max": 3400.0
        },
        {
            "current": 1295.728,
            "min": 1200.0,
            "max": 3400.0
        },
        {
            "current": 1197.74,
            "min": 1200.0,
            "max": 3400.0
        },
        {
            "current": 1200.593,
            "min": 1200.0,
            "max": 3400.0
        },
        {
            "current": 1762.912,
            "min": 1200.0,
            "max": 3400.0
        },
        {
            "current": 1201.946,
            "min": 1200.0,
            "max": 3400.0
        },
        {
            "current": 1199.058,
            "min": 1200.0,
            "max": 3400.0
        },
        {
            "current": 1198.176,
            "min": 1200.0,
            "max": 3400.0
        },
        {
            "current": 1382.033,
            "min": 1200.0,
            "max": 3400.0
        },
        {
            "current": 1258.95,
            "min": 1200.0,
            "max": 3400.0
        },
        {
            "current": 1494.69,
            "min": 1200.0,
            "max": 3400.0
        },
        {
            "current": 1200.534,
            "min": 1200.0,
            "max": 3400.0
        },
        {
            "current": 1372.046,
            "min": 1200.0,
            "max": 3400.0
        },
        {
            "current": 1934.091,
            "min": 1200.0,
            "max": 3400.0
        },
        {
            "current": 1212.354,
            "min": 1200.0,
            "max": 3400.0
        },
        {
            "current": 1197.817,
            "min": 1200.0,
            "max": 3400.0
        },
        {
            "current": 1197.705,
            "min": 1200.0,
            "max": 3400.0
        },
        {
            "current": 1198.684,
            "min": 1200.0,
            "max": 3400.0
        },
        {
            "current": 1480.084,
            "min": 1200.0,
            "max": 3400.0
        },
        {
            "current": 1197.653,
            "min": 1200.0,
            "max": 3400.0
        },
        {
            "current": 1198.231,
            "min": 1200.0,
            "max": 3400.0
        },
        {
            "current": 1269.857,
            "min": 1200.0,
            "max": 3400.0
        },
        {
            "current": 1198.958,
            "min": 1200.0,
            "max": 3400.0
        },
        {
            "current": 1197.22,
            "min": 1200.0,
            "max": 3400.0
        },
        {
            "current": 1784.898,
            "min": 1200.0,
            "max": 3400.0
        },
        {
            "current": 1197.667,
            "min": 1200.0,
            "max": 3400.0
        },
        {
            "current": 1198.741,
            "min": 1200.0,
            "max": 3400.0
        },
        {
            "current": 1198.623,
            "min": 1200.0,
            "max": 3400.0
        },
        {
            "current": 1340.839,
            "min": 1200.0,
            "max": 3400.0
        },
        {
            "current": 1277.202,
            "min": 1200.0,
            "max": 3400.0
        },
        {
            "current": 1324.309,
            "min": 1200.0,
            "max": 3400.0
        },
        {
            "current": 1197.753,
            "min": 1200.0,
            "max": 3400.0
        },
        {
            "current": 1317.395,
            "min": 1200.0,
            "max": 3400.0
        },
        {
            "current": 2156.727,
            "min": 1200.0,
            "max": 3400.0
        }
    ],
    "disk": {
        "/": {
            "total": 3666.450019836426,
            "used": 3122.177780151367
        }
    },
    "gpu": "NVIDIA GeForce GTX 1080 Ti",
    "gpu_count": 4,
    "memory": {
        "total": 62.79499816894531
    }
}
