{
    "os": "Linux-4.15.0-206-generic-x86_64-with-glibc2.29",
    "python": "3.8.10",
    "heartbeatAt": "2024-03-12T09:02:08.940891",
    "startedAt": "2024-03-12T09:02:08.571924",
    "docker": null,
    "cuda": null,
    "args": [
        "--gradient_accumulation_steps",
        "4",
        "--gradient_checkpointing",
        "--data_train_path",
        "/tf/sangnt162/eval_truncating.json",
        "--data_validation_path",
        "/tf/sangnt162/eval_truncating.json",
        "--local_files_or_path",
        "/tf/khangld1/gemma-2b/",
        "--do_eval",
        "--eval_steps",
        "25",
        "--evaluation_strategy",
        "steps",
        "--logging_train_steps",
        "4",
        "--save_strategy",
        "epoch",
        "--save_epochs",
        "4",
        "--save_steps",
        "25",
        "--max_length",
        "100",
        "--padding",
        "max_length",
        "--seq2seq_or_causal",
        "causal",
        "--wandb"
    ],
    "state": "running",
    "program": "train_gemma_2.py",
    "codePathLocal": "train_gemma_2.py",
    "codePath": "train_gemma_2.py",
    "host": "a5f7ce7a9e79",
    "username": "root",
    "executable": "/tf/sangnt162/sang_fsdp/bin/python",
    "cpu_count": 20,
    "cpu_count_logical": 40,
    "cpu_freq": {
        "current": 1527.71805,
        "min": 1200.0,
        "max": 3400.0
    },
    "cpu_freq_per_core": [
        {
            "current": 1197.628,
            "min": 1200.0,
            "max": 3400.0
        },
        {
            "current": 1197.98,
            "min": 1200.0,
            "max": 3400.0
        },
        {
            "current": 2381.801,
            "min": 1200.0,
            "max": 3400.0
        },
        {
            "current": 1198.149,
            "min": 1200.0,
            "max": 3400.0
        },
        {
            "current": 1197.73,
            "min": 1200.0,
            "max": 3400.0
        },
        {
            "current": 1220.573,
            "min": 1200.0,
            "max": 3400.0
        },
        {
            "current": 2394.709,
            "min": 1200.0,
            "max": 3400.0
        },
        {
            "current": 1201.184,
            "min": 1200.0,
            "max": 3400.0
        },
        {
            "current": 2394.2,
            "min": 1200.0,
            "max": 3400.0
        },
        {
            "current": 1203.379,
            "min": 1200.0,
            "max": 3400.0
        },
        {
            "current": 1314.793,
            "min": 1200.0,
            "max": 3400.0
        },
        {
            "current": 3037.468,
            "min": 1200.0,
            "max": 3400.0
        },
        {
            "current": 2394.709,
            "min": 1200.0,
            "max": 3400.0
        },
        {
            "current": 1595.484,
            "min": 1200.0,
            "max": 3400.0
        },
        {
            "current": 1200.594,
            "min": 1200.0,
            "max": 3400.0
        },
        {
            "current": 1200.775,
            "min": 1200.0,
            "max": 3400.0
        },
        {
            "current": 3039.189,
            "min": 1200.0,
            "max": 3400.0
        },
        {
            "current": 1198.0,
            "min": 1200.0,
            "max": 3400.0
        },
        {
            "current": 1200.131,
            "min": 1200.0,
            "max": 3400.0
        },
        {
            "current": 1324.682,
            "min": 1200.0,
            "max": 3400.0
        },
        {
            "current": 1198.27,
            "min": 1200.0,
            "max": 3400.0
        },
        {
            "current": 1198.089,
            "min": 1200.0,
            "max": 3400.0
        },
        {
            "current": 2392.876,
            "min": 1200.0,
            "max": 3400.0
        },
        {
            "current": 1198.006,
            "min": 1200.0,
            "max": 3400.0
        },
        {
            "current": 1198.73,
            "min": 1200.0,
            "max": 3400.0
        },
        {
            "current": 1278.211,
            "min": 1200.0,
            "max": 3400.0
        },
        {
            "current": 2394.545,
            "min": 1200.0,
            "max": 3400.0
        },
        {
            "current": 1198.427,
            "min": 1200.0,
            "max": 3400.0
        },
        {
            "current": 2394.709,
            "min": 1200.0,
            "max": 3400.0
        },
        {
            "current": 1197.596,
            "min": 1200.0,
            "max": 3400.0
        },
        {
            "current": 1696.253,
            "min": 1200.0,
            "max": 3400.0
        },
        {
            "current": 3006.386,
            "min": 1200.0,
            "max": 3400.0
        },
        {
            "current": 2394.707,
            "min": 1200.0,
            "max": 3400.0
        },
        {
            "current": 1593.52,
            "min": 1200.0,
            "max": 3400.0
        },
        {
            "current": 1198.33,
            "min": 1200.0,
            "max": 3400.0
        },
        {
            "current": 1198.064,
            "min": 1200.0,
            "max": 3400.0
        },
        {
            "current": 3038.164,
            "min": 1200.0,
            "max": 3400.0
        },
        {
            "current": 1199.372,
            "min": 1200.0,
            "max": 3400.0
        },
        {
            "current": 1198.664,
            "min": 1200.0,
            "max": 3400.0
        },
        {
            "current": 1302.864,
            "min": 1200.0,
            "max": 3400.0
        }
    ],
    "disk": {
        "/": {
            "total": 3666.450019836426,
            "used": 3123.5524101257324
        }
    },
    "gpu": "NVIDIA GeForce GTX 1080 Ti",
    "gpu_count": 4,
    "memory": {
        "total": 62.79499816894531
    }
}
