{
    "os": "Linux-4.15.0-206-generic-x86_64-with-glibc2.29",
    "python": "3.8.10",
    "heartbeatAt": "2024-03-11T04:21:21.029914",
    "startedAt": "2024-03-11T04:21:15.500496",
    "docker": null,
    "cuda": null,
    "args": [
        "--gradient_accumulation_steps",
        "4",
        "--gradient_checkpointing",
        "--data_train_path",
        "/tf/sangnt162/eval_truncating.json",
        "--data_validation_path",
        "/tf/sangnt162/eval_truncating.json",
        "--local_files_or_path",
        "/tf/khangld1/gemma-2b/",
        "--do_eval",
        "--eval_steps",
        "25",
        "--evaluation_strategy",
        "steps",
        "--logging_train_steps",
        "4",
        "--save_strategy",
        "epoch",
        "--save_epochs",
        "2",
        "--save_steps",
        "25",
        "--max_length",
        "128",
        "--padding",
        "max_length",
        "--seq2seq_or_causal",
        "causal",
        "--wandb"
    ],
    "state": "running",
    "program": "train_gemma_2.py",
    "codePathLocal": "train_gemma_2.py",
    "codePath": "train_gemma_2.py",
    "host": "a5f7ce7a9e79",
    "username": "root",
    "executable": "/tf/sangnt162/sang_fsdp/bin/python",
    "cpu_count": 20,
    "cpu_count_logical": 40,
    "cpu_freq": {
        "current": 1495.435175,
        "min": 1200.0,
        "max": 3400.0
    },
    "cpu_freq_per_core": [
        {
            "current": 2400.959,
            "min": 1200.0,
            "max": 3400.0
        },
        {
            "current": 1340.573,
            "min": 1200.0,
            "max": 3400.0
        },
        {
            "current": 1598.288,
            "min": 1200.0,
            "max": 3400.0
        },
        {
            "current": 1563.439,
            "min": 1200.0,
            "max": 3400.0
        },
        {
            "current": 2273.539,
            "min": 1200.0,
            "max": 3400.0
        },
        {
            "current": 1200.205,
            "min": 1200.0,
            "max": 3400.0
        },
        {
            "current": 1414.793,
            "min": 1200.0,
            "max": 3400.0
        },
        {
            "current": 1201.291,
            "min": 1200.0,
            "max": 3400.0
        },
        {
            "current": 1244.526,
            "min": 1200.0,
            "max": 3400.0
        },
        {
            "current": 1201.004,
            "min": 1200.0,
            "max": 3400.0
        },
        {
            "current": 1200.206,
            "min": 1200.0,
            "max": 3400.0
        },
        {
            "current": 1197.642,
            "min": 1200.0,
            "max": 3400.0
        },
        {
            "current": 2397.254,
            "min": 1200.0,
            "max": 3400.0
        },
        {
            "current": 1196.792,
            "min": 1200.0,
            "max": 3400.0
        },
        {
            "current": 1201.201,
            "min": 1200.0,
            "max": 3400.0
        },
        {
            "current": 1200.939,
            "min": 1200.0,
            "max": 3400.0
        },
        {
            "current": 2398.135,
            "min": 1200.0,
            "max": 3400.0
        },
        {
            "current": 2057.629,
            "min": 1200.0,
            "max": 3400.0
        },
        {
            "current": 1200.543,
            "min": 1200.0,
            "max": 3400.0
        },
        {
            "current": 1200.743,
            "min": 1200.0,
            "max": 3400.0
        },
        {
            "current": 2395.315,
            "min": 1200.0,
            "max": 3400.0
        },
        {
            "current": 1243.269,
            "min": 1200.0,
            "max": 3400.0
        },
        {
            "current": 1514.011,
            "min": 1200.0,
            "max": 3400.0
        },
        {
            "current": 1571.61,
            "min": 1200.0,
            "max": 3400.0
        },
        {
            "current": 2294.351,
            "min": 1200.0,
            "max": 3400.0
        },
        {
            "current": 1198.193,
            "min": 1200.0,
            "max": 3400.0
        },
        {
            "current": 1462.863,
            "min": 1200.0,
            "max": 3400.0
        },
        {
            "current": 1197.665,
            "min": 1200.0,
            "max": 3400.0
        },
        {
            "current": 1202.855,
            "min": 1200.0,
            "max": 3400.0
        },
        {
            "current": 1197.65,
            "min": 1200.0,
            "max": 3400.0
        },
        {
            "current": 1198.104,
            "min": 1200.0,
            "max": 3400.0
        },
        {
            "current": 1198.561,
            "min": 1200.0,
            "max": 3400.0
        },
        {
            "current": 2398.256,
            "min": 1200.0,
            "max": 3400.0
        },
        {
            "current": 1196.484,
            "min": 1200.0,
            "max": 3400.0
        },
        {
            "current": 1197.73,
            "min": 1200.0,
            "max": 3400.0
        },
        {
            "current": 1197.493,
            "min": 1200.0,
            "max": 3400.0
        },
        {
            "current": 2394.708,
            "min": 1200.0,
            "max": 3400.0
        },
        {
            "current": 2243.616,
            "min": 1200.0,
            "max": 3400.0
        },
        {
            "current": 1198.498,
            "min": 1200.0,
            "max": 3400.0
        },
        {
            "current": 1199.334,
            "min": 1200.0,
            "max": 3400.0
        }
    ],
    "disk": {
        "/": {
            "total": 3666.450019836426,
            "used": 3132.084671020508
        }
    },
    "gpu": "NVIDIA GeForce GTX 1080 Ti",
    "gpu_count": 4,
    "gpu_devices": [
        {
            "name": "NVIDIA GeForce GTX 1080 Ti",
            "memory_total": 11713052672
        },
        {
            "name": "NVIDIA GeForce GTX 1080 Ti",
            "memory_total": 11721506816
        },
        {
            "name": "NVIDIA GeForce GTX 1080 Ti",
            "memory_total": 11721506816
        },
        {
            "name": "NVIDIA GeForce GTX 1080 Ti",
            "memory_total": 11721506816
        }
    ],
    "memory": {
        "total": 62.79499816894531
    }
}
