{
    "os": "Linux-4.15.0-206-generic-x86_64-with-glibc2.29",
    "python": "3.8.10",
    "heartbeatAt": "2024-03-12T04:33:36.601357",
    "startedAt": "2024-03-12T04:33:31.336201",
    "docker": null,
    "cuda": null,
    "args": [
        "--gradient_accumulation_steps",
        "4",
        "--gradient_checkpointing",
        "--data_train_path",
        "/tf/sangnt162/eval_truncating.json",
        "--data_validation_path",
        "/tf/sangnt162/eval_truncating.json",
        "--local_files_or_path",
        "/tf/khangld1/gemma-2b/",
        "--do_eval",
        "--eval_steps",
        "25",
        "--evaluation_strategy",
        "steps",
        "--logging_train_steps",
        "4",
        "--save_strategy",
        "epoch",
        "--save_epochs",
        "4",
        "--save_steps",
        "25",
        "--max_length",
        "1024",
        "--padding",
        "max_length",
        "--seq2seq_or_causal",
        "causal",
        "--wandb"
    ],
    "state": "running",
    "program": "train_gemma_3.py",
    "codePathLocal": "train_gemma_3.py",
    "codePath": "train_gemma_3.py",
    "host": "a5f7ce7a9e79",
    "username": "root",
    "executable": "/tf/sangnt162/sang_fsdp/bin/python",
    "cpu_count": 20,
    "cpu_count_logical": 40,
    "cpu_freq": {
        "current": 1315.2340999999997,
        "min": 1200.0,
        "max": 3400.0
    },
    "cpu_freq_per_core": [
        {
            "current": 1244.252,
            "min": 1200.0,
            "max": 3400.0
        },
        {
            "current": 1247.273,
            "min": 1200.0,
            "max": 3400.0
        },
        {
            "current": 1199.819,
            "min": 1200.0,
            "max": 3400.0
        },
        {
            "current": 1198.272,
            "min": 1200.0,
            "max": 3400.0
        },
        {
            "current": 1200.241,
            "min": 1200.0,
            "max": 3400.0
        },
        {
            "current": 1198.318,
            "min": 1200.0,
            "max": 3400.0
        },
        {
            "current": 1197.815,
            "min": 1200.0,
            "max": 3400.0
        },
        {
            "current": 1198.22,
            "min": 1200.0,
            "max": 3400.0
        },
        {
            "current": 1198.106,
            "min": 1200.0,
            "max": 3400.0
        },
        {
            "current": 1439.867,
            "min": 1200.0,
            "max": 3400.0
        },
        {
            "current": 1470.522,
            "min": 1200.0,
            "max": 3400.0
        },
        {
            "current": 1599.98,
            "min": 1200.0,
            "max": 3400.0
        },
        {
            "current": 1198.451,
            "min": 1200.0,
            "max": 3400.0
        },
        {
            "current": 1199.485,
            "min": 1200.0,
            "max": 3400.0
        },
        {
            "current": 1197.712,
            "min": 1200.0,
            "max": 3400.0
        },
        {
            "current": 1200.81,
            "min": 1200.0,
            "max": 3400.0
        },
        {
            "current": 1200.034,
            "min": 1200.0,
            "max": 3400.0
        },
        {
            "current": 1200.806,
            "min": 1200.0,
            "max": 3400.0
        },
        {
            "current": 1600.002,
            "min": 1200.0,
            "max": 3400.0
        },
        {
            "current": 2151.27,
            "min": 1200.0,
            "max": 3400.0
        },
        {
            "current": 1246.001,
            "min": 1200.0,
            "max": 3400.0
        },
        {
            "current": 1250.067,
            "min": 1200.0,
            "max": 3400.0
        },
        {
            "current": 1197.855,
            "min": 1200.0,
            "max": 3400.0
        },
        {
            "current": 1199.079,
            "min": 1200.0,
            "max": 3400.0
        },
        {
            "current": 1198.645,
            "min": 1200.0,
            "max": 3400.0
        },
        {
            "current": 1198.201,
            "min": 1200.0,
            "max": 3400.0
        },
        {
            "current": 1197.836,
            "min": 1200.0,
            "max": 3400.0
        },
        {
            "current": 1197.529,
            "min": 1200.0,
            "max": 3400.0
        },
        {
            "current": 1198.977,
            "min": 1200.0,
            "max": 3400.0
        },
        {
            "current": 1410.666,
            "min": 1200.0,
            "max": 3400.0
        },
        {
            "current": 1312.814,
            "min": 1200.0,
            "max": 3400.0
        },
        {
            "current": 1596.805,
            "min": 1200.0,
            "max": 3400.0
        },
        {
            "current": 1198.869,
            "min": 1200.0,
            "max": 3400.0
        },
        {
            "current": 1198.431,
            "min": 1200.0,
            "max": 3400.0
        },
        {
            "current": 1198.099,
            "min": 1200.0,
            "max": 3400.0
        },
        {
            "current": 1198.252,
            "min": 1200.0,
            "max": 3400.0
        },
        {
            "current": 1198.418,
            "min": 1200.0,
            "max": 3400.0
        },
        {
            "current": 1197.572,
            "min": 1200.0,
            "max": 3400.0
        },
        {
            "current": 1523.941,
            "min": 1200.0,
            "max": 3400.0
        },
        {
            "current": 2300.961,
            "min": 1200.0,
            "max": 3400.0
        }
    ],
    "disk": {
        "/": {
            "total": 3666.450019836426,
            "used": 3122.173427581787
        }
    },
    "gpu": "NVIDIA GeForce GTX 1080 Ti",
    "gpu_count": 4,
    "memory": {
        "total": 62.79499816894531
    }
}
